<?xml version="1.0" encoding="UTF-8"?>
<fudgeEnvelope>
   <uniqueId type="string">MemLen~1</uniqueId>
   <externalIdBundle type="message">
      <ID type="message">
         <Scheme type="string">OG_TICKER</Scheme>
         <Value type="string">UKGOVT</Value>
      </ID>
   </externalIdBundle>
   <attributes type="message">
      <fudgeField1 ordinal="1" type="string">sector</fudgeField1>
      <fudgeField2 ordinal="2" type="string">Government</fudgeField2>
      <fudgeField1 ordinal="1" type="string">jurisdiction</fudgeField1>
      <fudgeField2 ordinal="2" type="string">United Kingdom</fudgeField2>
      <fudgeField1 ordinal="1" type="string">type</fudgeField1>
      <fudgeField2 ordinal="2" type="string">Sov</fudgeField2>
   </attributes>
   <details type="message"/>
   <name type="string">United Kingdom Government</name>
   <ratings type="message">
      <fudgeField type="message">
         <rater type="string">OG Rating</rater>
         <score type="message">
            <fudgeField0 ordinal="0" type="string">com.opengamma.core.obligor.CreditRating</fudgeField0>
            <fudgeField1 ordinal="1" type="string">AAA</fudgeField1>
         </score>
         <seniorityLevel type="message">
            <fudgeField0 ordinal="0" type="string">com.opengamma.core.legalentity.SeniorityLevel</fudgeField0>
            <fudgeField1 ordinal="1" type="string">SECDOM</fudgeField1>
         </seniorityLevel>
      </fudgeField>
   </ratings>
   <capabilities type="message">
      <fudgeField type="message">
         <name type="string">ISSUER</name>
      </fudgeField>
   </capabilities>
   <issuedSecurities type="message"/>
   <obligations type="message"/>
   <accounts type="message"/>
   <fudgeField0 ordinal="0" type="string">com.opengamma.master.legalentity.ManageableLegalEntity</fudgeField0>
</fudgeEnvelope>
