"contractCategory","currency","expiry","externalIdBundle","name","position:quantity","settlementExchange","trade:counterpartyExternalId","trade:premium","trade:premiumCurrency","trade:premiumDate","trade:premiumTime","trade:quantity","trade:tradeDate","trade:tradeTime","tradingExchange","underlyingId","unitAmount"
"Index","USD","2014-06-21T00:00Z","OG_SYNTHETIC_TICKER~ES/14M","E Mini S&P 500 2014-06-21 Future","34","GLBX","Cpty~16","52360.0","USD","2013-03-15","","34","2013-03-28","12:00Z","GLBX","OG_SYNTHETIC_TICKER~SPX","50.0"
"Index","USD","2014-12-21T00:00Z","OG_SYNTHETIC_TICKER~ES/14Z","E Mini S&P 500 2014-12-21 Future","10","GLBX","Cpty~16","15450.0","USD","2013-03-25","","10","2013-03-28","12:00Z","GLBX","OG_SYNTHETIC_TICKER~SPX","50.0"
"Index","USD","2014-06-21T00:00Z","OG_SYNTHETIC_TICKER~TF/14M","Russell 2000 Index Mini ($100) 2014-06-21 Future","41","IEPA","Cpty~13","38589.200000000004","USD","2013-04-10","","41","2013-04-10","12:00Z","IEPA","OG_SYNTHETIC_TICKER~RUO","100.0"
"Index","USD","2014-09-21T00:00Z","OG_SYNTHETIC_TICKER~TF/14U","Russell 2000 Index Mini ($100) 2014-09-21 Future","18","IEPA","Cpty~13","16943.399999999998","USD","2013-04-10","","18","2013-04-10","12:00Z","IEPA","OG_SYNTHETIC_TICKER~RUO","100.0"
"Index","USD","2014-09-20T00:00Z","OG_SYNTHETIC_TICKER~ES/14U","E Mini S&P 500 2014-09-20 Future","50","GLBX","Cpty~16","79080.0","USD","2013-04-12","","50","2013-04-12","12:00Z","GLBX","OG_SYNTHETIC_TICKER~SPX","50.0"
"Index","USD","2014-06-21T00:00Z","OG_SYNTHETIC_TICKER~SP/14M","S&P 500 2014-06-21 Future","-2","GLBX","Cpty~16","-3064.6","USD","2013-03-06","","-2","2013-03-06","12:00Z","GLBX","OG_SYNTHETIC_TICKER~SPX","250.0"
"Index","USD","2014-09-21T00:00Z","OG_SYNTHETIC_TICKER~SP/14U","S&P 500 2014-09-21 Future","-2","GLBX","Cpty~16","-3086.0","USD","2013-03-08","","-2","2013-03-08","12:00Z","GLBX","OG_SYNTHETIC_TICKER~SPX","250.0"
