<?xml version="1.0" encoding="UTF-8"?>
<fudgeEnvelope>
   <uniqueId type="string">MemSec~6</uniqueId>
   <externalIdBundle type="message">
      <ID type="message">
         <Scheme type="string">BLOOMBERG_BUID</Scheme>
         <Value type="string">NI373119</Value>
      </ID>
      <ID type="message">
         <Scheme type="string">BLOOMBERG_TICKER</Scheme>
         <Value type="string">US0006M Index</Value>
      </ID>
      <ID type="message">
         <Scheme type="string">OG_TICKER</Scheme>
         <Value type="string">USDLIBOR6M</Value>
      </ID>
   </externalIdBundle>
   <name type="string">USDLIBOR6M</name>
   <securityType type="string">IBOR_INDEX</securityType>
   <attributes type="message"/>
   <requiredPermissions type="message"/>
   <indexFamilyId type="string">INDEX_FAMILY~USDLIBOR</indexFamilyId>
   <tenor type="string">P6M</tenor>
   <conventionId type="string">CONVENTION~USDLIBOR</conventionId>
   <fudgeField0 ordinal="0" type="string">com.opengamma.financial.security.index.IborIndex</fudgeField0>
   <fudgeField0 ordinal="0" type="string">com.opengamma.financial.security.index.Index</fudgeField0>
   <fudgeField0 ordinal="0" type="string">com.opengamma.master.security.ManageableSecurity</fudgeField0>
   <fudgeField0 ordinal="0" type="string">org.joda.beans.impl.direct.DirectBean</fudgeField0>
</fudgeEnvelope>
