<?xml version="1.0" encoding="UTF-8"?>
<fudgeEnvelope>
   <uniqueId type="string">MemSec~3</uniqueId>
   <externalIdBundle type="message">
      <ID type="message">
         <Scheme type="string">BLOOMBERG_BUID</Scheme>
         <Value type="string">NI1317898</Value>
      </ID>
      <ID type="message">
         <Scheme type="string">BLOOMBERG_TICKER</Scheme>
         <Value type="string">SONIO/N Index</Value>
      </ID>
      <ID type="message">
         <Scheme type="string">OG_TICKER</Scheme>
         <Value type="string">GBPSONIA</Value>
      </ID>
   </externalIdBundle>
   <name type="string">GBPSONIA</name>
   <securityType type="string">OVERNIGHT_INDEX</securityType>
   <attributes type="message"/>
   <requiredPermissions type="message"/>
   <indexFamilyId type="string">INDEX_FAMILY~GBPSONIA</indexFamilyId>
   <conventionId type="string">CONVENTION~GBPSONIA</conventionId>
   <fudgeField0 ordinal="0" type="string">com.opengamma.financial.security.index.OvernightIndex</fudgeField0>
   <fudgeField0 ordinal="0" type="string">com.opengamma.financial.security.index.Index</fudgeField0>
   <fudgeField0 ordinal="0" type="string">com.opengamma.master.security.ManageableSecurity</fudgeField0>
   <fudgeField0 ordinal="0" type="string">org.joda.beans.impl.direct.DirectBean</fudgeField0>
</fudgeEnvelope>
