1965-01-01,1965-04-16,1965-04-19,1965-06-07,1965-08-30,1965-12-27,1965-12-28
1966-01-03,1966-04-08,1966-04-11,1966-05-30,1966-08-29,1966-12-26,1966-12-27
1967-01-02,1967-03-24,1967-03-27,1967-05-29,1967-08-28,1967-12-25,1967-12-26
1968-01-01,1968-04-12,1968-04-15,1968-05-27,1968-08-26,1968-12-25,1968-12-26
1969-01-01,1969-04-04,1969-04-07,1969-05-26,1969-08-25,1969-12-25,1969-12-26
1970-01-01,1970-03-27,1970-03-30,1970-05-25,1970-08-31,1970-12-25,1970-12-28
1971-01-01,1971-04-09,1971-04-12,1971-05-31,1971-08-30,1971-12-27,1971-12-28
1972-01-03,1972-03-31,1972-04-03,1972-05-29,1972-08-28,1972-12-25,1972-12-26
1973-01-01,1973-04-20,1973-04-23,1973-05-28,1973-08-27,1973-12-25,1973-12-26
1974-01-01,1974-04-12,1974-04-15,1974-05-27,1974-08-26,1974-12-25,1974-12-26
1975-01-01,1975-03-28,1975-03-31,1975-05-26,1975-08-25,1975-12-25,1975-12-26
1976-01-01,1976-04-16,1976-04-19,1976-05-31,1976-08-30,1976-12-27,1976-12-28
1977-01-03,1977-04-08,1977-04-11,1977-05-30,1977-08-29,1977-12-26,1977-12-27
1978-01-02,1978-03-24,1978-03-27,1978-05-01,1978-05-29,1978-08-28,1978-12-25,1978-12-26
1979-01-01,1979-04-13,1979-04-16,1979-05-07,1979-05-28,1979-08-27,1979-12-25,1979-12-26
1980-01-01,1980-04-04,1980-04-07,1980-05-05,1980-05-26,1980-08-25,1980-12-25,1980-12-26
1981-01-01,1981-04-17,1981-04-20,1981-05-04,1981-05-25,1981-07-29,1981-08-31,1981-12-25,1981-12-28
1982-01-01,1982-04-09,1982-04-12,1982-05-03,1982-05-31,1982-08-30,1982-12-27,1982-12-28
1983-01-03,1983-04-01,1983-04-04,1983-05-02,1983-05-30,1983-08-29,1983-12-26,1983-12-27
1984-01-02,1984-04-20,1984-04-23,1984-05-07,1984-05-28,1984-08-27,1984-12-25,1984-12-26
1985-01-01,1985-04-05,1985-04-08,1985-05-06,1985-05-27,1985-08-26,1985-12-25,1985-12-26
1986-01-01,1986-03-28,1986-03-31,1986-05-05,1986-05-26,1986-08-25,1986-12-25,1986-12-26
1987-01-01,1987-04-17,1987-04-20,1987-05-04,1987-05-25,1987-08-31,1987-12-25,1987-12-28
1988-01-01,1988-04-01,1988-04-04,1988-05-02,1988-05-30,1988-08-29,1988-12-26,1988-12-27
1989-01-02,1989-03-24,1989-03-27,1989-05-01,1989-05-29,1989-08-28,1989-12-25,1989-12-26
1990-01-01,1990-04-13,1990-04-16,1990-05-07,1990-05-28,1990-08-27,1990-12-25,1990-12-26
1991-01-01,1991-03-29,1991-04-01,1991-05-06,1991-05-27,1991-08-26,1991-12-25,1991-12-26
1992-01-01,1992-04-17,1992-04-20,1992-05-04,1992-05-25,1992-08-31,1992-12-25,1992-12-28
1993-01-01,1993-04-09,1993-04-12,1993-05-03,1993-05-31,1993-08-30,1993-12-27,1993-12-28
1994-01-03,1994-04-01,1994-04-04,1994-05-02,1994-05-30,1994-08-29,1994-12-26,1994-12-27
1995-01-02,1995-04-14,1995-04-17,1995-05-08,1995-05-29,1995-08-28,1995-12-25,1995-12-26
1996-01-01,1996-04-05,1996-04-08,1996-05-06,1996-05-27,1996-08-26,1996-12-25,1996-12-26
1997-01-01,1997-03-28,1997-03-31,1997-05-05,1997-05-26,1997-08-25,1997-12-25,1997-12-26
1998-01-01,1998-04-10,1998-04-13,1998-05-04,1998-05-25,1998-08-31,1998-12-25,1998-12-28
1999-01-01,1999-04-02,1999-04-05,1999-05-03,1999-05-31,1999-08-30,1999-12-27,1999-12-28
2000-01-03,2000-04-21,2000-04-24,2000-05-01,2000-05-29,2000-08-28,2000-12-25,2000-12-26
2001-01-01,2001-04-13,2001-04-16,2001-05-07,2001-05-28,2001-08-27,2001-12-25,2001-12-26
2002-01-01,2002-03-29,2002-04-01,2002-05-06,2002-06-03,2002-06-04,2002-08-26,2002-12-25,2002-12-26
2003-01-01,2003-04-18,2003-04-21,2003-05-05,2003-05-26,2003-08-25,2003-12-25,2003-12-26
2004-01-01,2004-04-09,2004-04-12,2004-05-03,2004-05-31,2004-08-30,2004-12-27,2004-12-28
2005-01-03,2005-03-25,2005-03-28,2005-05-02,2005-05-30,2005-08-29,2005-12-26,2005-12-27
2006-01-02,2006-04-14,2006-04-17,2006-05-01,2006-05-29,2006-08-28,2006-12-25,2006-12-26
2007-01-01,2007-04-06,2007-04-09,2007-05-07,2007-05-28,2007-08-27,2007-12-25,2007-12-26
2008-01-01,2008-03-21,2008-03-24,2008-05-05,2008-05-26,2008-08-25,2008-12-25,2008-12-26
2009-01-01,2009-04-10,2009-04-13,2009-05-04,2009-05-25,2009-08-31,2009-12-25,2009-12-28
2010-01-01,2010-04-02,2010-04-05,2010-05-03,2010-05-31,2010-08-30,2010-12-27,2010-12-28
2011-01-03,2011-04-22,2011-04-25,2011-04-29,2011-05-02,2011-05-30,2011-08-29,2011-12-26,2011-12-27
2012-01-02,2012-04-06,2012-04-09,2012-05-07,2012-06-04,2012-06-05,2012-08-27,2012-12-25,2012-12-26
2013-01-01,2013-03-29,2013-04-01,2013-05-06,2013-05-27,2013-08-26,2013-12-25,2013-12-26
2014-01-01,2014-04-18,2014-04-21,2014-05-05,2014-05-26,2014-08-25,2014-12-25,2014-12-26
2015-01-01,2015-04-03,2015-04-06,2015-05-04,2015-05-25,2015-08-31,2015-12-25,2015-12-28
2016-01-01,2016-03-25,2016-03-28,2016-05-02,2016-05-30,2016-08-29,2016-12-26,2016-12-27
2017-01-02,2017-04-14,2017-04-17,2017-05-01,2017-05-29,2017-08-28,2017-12-25,2017-12-26
2018-01-01,2018-03-30,2018-04-02,2018-05-07,2018-05-28,2018-08-27,2018-12-25,2018-12-26
2019-01-01,2019-04-19,2019-04-22,2019-05-06,2019-05-27,2019-08-26,2019-12-25,2019-12-26
2020-01-01,2020-04-10,2020-04-13,2020-05-04,2020-05-25,2020-08-31,2020-12-25,2020-12-28
2021-01-01,2021-04-02,2021-04-05,2021-05-03,2021-05-31,2021-08-30,2021-12-27,2021-12-28
2022-01-03,2022-04-15,2022-04-18,2022-05-02,2022-05-30,2022-08-29,2022-12-26,2022-12-27
2023-01-02,2023-04-07,2023-04-10,2023-05-01,2023-05-29,2023-08-28,2023-12-25,2023-12-26
2024-01-01,2024-03-29,2024-04-01,2024-05-06,2024-05-27,2024-08-26,2024-12-25,2024-12-26
2025-01-01,2025-04-18,2025-04-21,2025-05-05,2025-05-26,2025-08-25,2025-12-25,2025-12-26
2026-01-01,2026-04-03,2026-04-06,2026-05-04,2026-05-25,2026-08-31,2026-12-25,2026-12-28
2027-01-01,2027-03-26,2027-03-29,2027-05-03,2027-05-31,2027-08-30,2027-12-27,2027-12-28
2028-01-03,2028-04-14,2028-04-17,2028-05-01,2028-05-29,2028-08-28,2028-12-25,2028-12-26
2029-01-01,2029-03-30,2029-04-02,2029-05-07,2029-05-28,2029-08-27,2029-12-25,2029-12-26
2030-01-01,2030-04-19,2030-04-22,2030-05-06,2030-05-27,2030-08-26,2030-12-25,2030-12-26
2031-01-01,2031-04-11,2031-04-14,2031-05-05,2031-05-26,2031-08-25,2031-12-25,2031-12-26
2032-01-01,2032-03-26,2032-03-29,2032-05-03,2032-05-31,2032-08-30,2032-12-27,2032-12-28
2033-01-03,2033-04-15,2033-04-18,2033-05-02,2033-05-30,2033-08-29,2033-12-26,2033-12-27
2034-01-02,2034-04-07,2034-04-10,2034-05-01,2034-05-29,2034-08-28,2034-12-25,2034-12-26
2035-01-01,2035-03-23,2035-03-26,2035-05-07,2035-05-28,2035-08-27,2035-12-25,2035-12-26
2036-01-01,2036-04-11,2036-04-14,2036-05-05,2036-05-26,2036-08-25,2036-12-25,2036-12-26
2037-01-01,2037-04-03,2037-04-06,2037-05-04,2037-05-25,2037-08-31,2037-12-25,2037-12-28
2038-01-01,2038-04-23,2038-04-26,2038-05-03,2038-05-31,2038-08-30,2038-12-27,2038-12-28
2039-01-03,2039-04-08,2039-04-11,2039-05-02,2039-05-30,2039-08-29,2039-12-26,2039-12-27
2040-01-02,2040-03-30,2040-04-02,2040-05-07,2040-05-28,2040-08-27,2040-12-25,2040-12-26
2041-01-01,2041-04-19,2041-04-22,2041-05-06,2041-05-27,2041-08-26,2041-12-25,2041-12-26
2042-01-01,2042-04-04,2042-04-07,2042-05-05,2042-05-26,2042-08-25,2042-12-25,2042-12-26
2043-01-01,2043-03-27,2043-03-30,2043-05-04,2043-05-25,2043-08-31,2043-12-25,2043-12-28
