<?xml version="1.0" encoding="UTF-8"?>
<fudgeEnvelope>
   <uniqueId type="string">MemCnv~1</uniqueId>
   <externalIdBundle type="message">
      <ID type="message">
         <Scheme type="string">CONVENTION</Scheme>
         <Value type="string">EUREONIA</Value>
      </ID>
   </externalIdBundle>
   <attributes type="message"/>
   <name type="string">EUREONIA</name>
   <dayCount type="string">Actual/360</dayCount>
   <publicationLag type="byte">1</publicationLag>
   <currency type="string">EUR</currency>
   <regionCalendar type="string">FINANCIAL_REGION~EU</regionCalendar>
   <fudgeField0 ordinal="0" type="string">com.opengamma.financial.convention.OvernightIndexConvention</fudgeField0>
   <fudgeField0 ordinal="0" type="string">com.opengamma.financial.convention.FinancialConvention</fudgeField0>
   <fudgeField0 ordinal="0" type="string">com.opengamma.master.convention.ManageableConvention</fudgeField0>
</fudgeEnvelope>
