<?xml version="1.0" encoding="UTF-8"?>
<fudgeEnvelope>
   <uniqueId type="string">MemCnv~20</uniqueId>
   <externalIdBundle type="message">
      <ID type="message">
         <Scheme type="string">CONVENTION</Scheme>
         <Value type="string">GBPLIBOR</Value>
      </ID>
   </externalIdBundle>
   <attributes type="message"/>
   <name type="string">GBPLIBOR</name>
   <dayCount type="string">Actual/365</dayCount>
   <businessDayConvention type="string">Modified Following</businessDayConvention>
   <settlementDays type="byte">0</settlementDays>
   <isEOM type="boolean">true</isEOM>
   <currency type="string">GBP</currency>
   <fixingTime type="time">11:00</fixingTime>
   <fixingTimeZone type="string">GB</fixingTimeZone>
   <fixingCalendar type="string">FINANCIAL_REGION~GB</fixingCalendar>
   <regionCalendar type="string">FINANCIAL_REGION~GB</regionCalendar>
   <fixingPage type="string"></fixingPage>
   <fudgeField0 ordinal="0" type="string">com.opengamma.financial.convention.IborIndexConvention</fudgeField0>
   <fudgeField0 ordinal="0" type="string">com.opengamma.financial.convention.FinancialConvention</fudgeField0>
   <fudgeField0 ordinal="0" type="string">com.opengamma.master.convention.ManageableConvention</fudgeField0>
</fudgeEnvelope>
