<?xml version="1.0" encoding="UTF-8"?>
<fudgeEnvelope>
   <uniqueId type="string">MemCnv~27</uniqueId>
   <externalIdBundle type="message">
      <ID type="message">
         <Scheme type="string">CONVENTION</Scheme>
         <Value type="string">USDLIBOR1M</Value>
      </ID>
   </externalIdBundle>
   <attributes type="message"/>
   <name type="string">USDLIBOR1M</name>
   <iborIndexConvention type="string">OG_TICKER~USDLIBOR1M</iborIndexConvention>
   <isAdvanceFixing type="boolean">true</isAdvanceFixing>
   <interpolationMethod type="string">Linear</interpolationMethod>
   <resetTenor type="string">P1M</resetTenor>
   <settlementDays type="byte">2</settlementDays>
   <isEOM type="boolean">true</isEOM>
   <stubType type="message">
      <fudgeField0 ordinal="0" type="string">com.opengamma.financial.convention.StubType</fudgeField0>
      <fudgeField1 ordinal="1" type="string">SHORT_START</fudgeField1>
   </stubType>
   <isExchangeNotional type="boolean">false</isExchangeNotional>
   <paymentLag type="byte">0</paymentLag>
   <fudgeField0 ordinal="0" type="string">com.opengamma.financial.convention.VanillaIborLegConvention</fudgeField0>
   <fudgeField0 ordinal="0" type="string">com.opengamma.financial.convention.FinancialConvention</fudgeField0>
   <fudgeField0 ordinal="0" type="string">com.opengamma.master.convention.ManageableConvention</fudgeField0>
</fudgeEnvelope>
