<?xml version="1.0" encoding="UTF-8"?>
<fudgeEnvelope>
   <uniqueId type="string">MemCnv~4</uniqueId>
   <externalIdBundle type="message">
      <ID type="message">
         <Scheme type="string">CONVENTION</Scheme>
         <Value type="string">EURGBPFXSpot</Value>
      </ID>
   </externalIdBundle>
   <attributes type="message"/>
   <name type="string">EURGBPFXSpot</name>
   <settlementDays type="byte">2</settlementDays>
   <settlementRegion type="string">FINANCIAL_REGION~EU+GB</settlementRegion>
   <fudgeField0 ordinal="0" type="string">com.opengamma.financial.convention.FXSpotConvention</fudgeField0>
   <fudgeField0 ordinal="0" type="string">com.opengamma.financial.convention.FinancialConvention</fudgeField0>
   <fudgeField0 ordinal="0" type="string">com.opengamma.master.convention.ManageableConvention</fudgeField0>
</fudgeEnvelope>
