<?xml version="1.0" encoding="UTF-8"?>
<fudgeEnvelope>
   <uniqueId type="string">MemCnv~30</uniqueId>
   <externalIdBundle type="message">
      <ID type="message">
         <Scheme type="string">CONVENTION</Scheme>
         <Value type="string">GBPDepoON</Value>
      </ID>
   </externalIdBundle>
   <attributes type="message"/>
   <name type="string">GBPDepoON</name>
   <dayCount type="string">Actual/365</dayCount>
   <businessDayConvention type="string">Following</businessDayConvention>
   <settlementDays type="byte">0</settlementDays>
   <isEOM type="boolean">false</isEOM>
   <currency type="string">GBP</currency>
   <regionCalendar type="string">FINANCIAL_REGION~GB</regionCalendar>
   <fudgeField0 ordinal="0" type="string">com.opengamma.financial.convention.DepositConvention</fudgeField0>
   <fudgeField0 ordinal="0" type="string">com.opengamma.financial.convention.FinancialConvention</fudgeField0>
   <fudgeField0 ordinal="0" type="string">com.opengamma.master.convention.ManageableConvention</fudgeField0>
</fudgeEnvelope>
