<?xml version="1.0" encoding="UTF-8"?>
<fudgeEnvelope>
   <uniqueId type="string">MemCnv~29</uniqueId>
   <externalIdBundle type="message">
      <ID type="message">
         <Scheme type="string">CONVENTION</Scheme>
         <Value type="string">USDSTIRFuturesS3M</Value>
      </ID>
   </externalIdBundle>
   <attributes type="message"/>
   <name type="string">USDSTIRFuturesS3M</name>
   <expiryConvention type="string">EXPIRY_CONVENTION~IMMFutureOptionMonthlyExpiryCalculator</expiryConvention>
   <exchangeCalendar type="string">FINANCIAL_REGION~US</exchangeCalendar>
   <indexConvention type="string">OG_TICKER~USDLIBOR3M</indexConvention>
   <fudgeField0 ordinal="0" type="string">com.opengamma.financial.convention.InterestRateFutureConvention</fudgeField0>
   <fudgeField0 ordinal="0" type="string">com.opengamma.financial.convention.ExchangeTradedFutureAndOptionConvention</fudgeField0>
   <fudgeField0 ordinal="0" type="string">com.opengamma.financial.convention.FinancialConvention</fudgeField0>
   <fudgeField0 ordinal="0" type="string">com.opengamma.master.convention.ManageableConvention</fudgeField0>
</fudgeEnvelope>
