<?xml version="1.0" encoding="UTF-8"?>
<fudgeEnvelope>
   <uniqueId type="string">MemCnv~31</uniqueId>
   <externalIdBundle type="message">
      <ID type="message">
         <Scheme type="string">CONVENTION</Scheme>
         <Value type="string">GBPFixed1Y</Value>
      </ID>
   </externalIdBundle>
   <attributes type="message"/>
   <name type="string">GBPFixed1Y</name>
   <paymentTenor type="string">P1Y</paymentTenor>
   <dayCount type="string">Actual/365</dayCount>
   <businessDayConvention type="string">Modified Following</businessDayConvention>
   <currency type="string">GBP</currency>
   <regionCalendar type="string">FINANCIAL_REGION~GB</regionCalendar>
   <settlementDays type="byte">0</settlementDays>
   <isEOM type="boolean">true</isEOM>
   <stubType type="message">
      <fudgeField0 ordinal="0" type="string">com.opengamma.financial.convention.StubType</fudgeField0>
      <fudgeField1 ordinal="1" type="string">SHORT_START</fudgeField1>
   </stubType>
   <isExchangeNotional type="boolean">false</isExchangeNotional>
   <paymentLag type="byte">1</paymentLag>
   <fudgeField0 ordinal="0" type="string">com.opengamma.financial.convention.SwapFixedLegConvention</fudgeField0>
   <fudgeField0 ordinal="0" type="string">com.opengamma.financial.convention.FinancialConvention</fudgeField0>
   <fudgeField0 ordinal="0" type="string">com.opengamma.master.convention.ManageableConvention</fudgeField0>
</fudgeEnvelope>
