<?xml version="1.0" encoding="UTF-8"?>
<fudgeEnvelope>
   <uniqueId type="string">MemHol~1</uniqueId>
   <type type="message">
      <fudgeField0 ordinal="0" type="string">com.opengamma.core.holiday.HolidayType</fudgeField0>
      <fudgeField1 ordinal="1" type="string">CUSTOM</fudgeField1>
   </type>
   <customExternalId type="string">ISDA_HOLIDAY~USNY</customExternalId>
   <holidayDates type="message">
      <fudgeField type="date">1968-01-01</fudgeField>
      <fudgeField type="date">1968-07-04</fudgeField>
      <fudgeField type="date">1968-12-25</fudgeField>
      <fudgeField type="date">1969-01-01</fudgeField>
      <fudgeField type="date">1969-07-04</fudgeField>
      <fudgeField type="date">1969-12-25</fudgeField>
      <fudgeField type="date">1970-01-01</fudgeField>
      <fudgeField type="date">1970-07-04</fudgeField>
      <fudgeField type="date">1970-12-25</fudgeField>
      <fudgeField type="date">1971-01-01</fudgeField>
      <fudgeField type="date">1971-02-15</fudgeField>
      <fudgeField type="date">1971-05-31</fudgeField>
      <fudgeField type="date">1971-07-05</fudgeField>
      <fudgeField type="date">1971-09-06</fudgeField>
      <fudgeField type="date">1971-10-11</fudgeField>
      <fudgeField type="date">1971-10-25</fudgeField>
      <fudgeField type="date">1971-11-25</fudgeField>
      <fudgeField type="date">1971-12-25</fudgeField>
      <fudgeField type="date">1972-01-01</fudgeField>
      <fudgeField type="date">1972-02-21</fudgeField>
      <fudgeField type="date">1972-05-29</fudgeField>
      <fudgeField type="date">1972-07-04</fudgeField>
      <fudgeField type="date">1972-09-04</fudgeField>
      <fudgeField type="date">1972-10-09</fudgeField>
      <fudgeField type="date">1972-10-23</fudgeField>
      <fudgeField type="date">1972-11-23</fudgeField>
      <fudgeField type="date">1972-12-25</fudgeField>
      <fudgeField type="date">1973-01-01</fudgeField>
      <fudgeField type="date">1973-02-19</fudgeField>
      <fudgeField type="date">1973-05-28</fudgeField>
      <fudgeField type="date">1973-07-04</fudgeField>
      <fudgeField type="date">1973-09-03</fudgeField>
      <fudgeField type="date">1973-10-08</fudgeField>
      <fudgeField type="date">1973-10-22</fudgeField>
      <fudgeField type="date">1973-11-22</fudgeField>
      <fudgeField type="date">1973-12-25</fudgeField>
      <fudgeField type="date">1974-01-01</fudgeField>
      <fudgeField type="date">1974-02-18</fudgeField>
      <fudgeField type="date">1974-05-27</fudgeField>
      <fudgeField type="date">1974-07-04</fudgeField>
      <fudgeField type="date">1974-09-02</fudgeField>
      <fudgeField type="date">1974-10-14</fudgeField>
      <fudgeField type="date">1974-10-28</fudgeField>
      <fudgeField type="date">1974-11-28</fudgeField>
      <fudgeField type="date">1974-12-25</fudgeField>
      <fudgeField type="date">1975-01-01</fudgeField>
      <fudgeField type="date">1975-02-17</fudgeField>
      <fudgeField type="date">1975-05-26</fudgeField>
      <fudgeField type="date">1975-07-04</fudgeField>
      <fudgeField type="date">1975-09-01</fudgeField>
      <fudgeField type="date">1975-10-13</fudgeField>
      <fudgeField type="date">1975-10-27</fudgeField>
      <fudgeField type="date">1975-11-27</fudgeField>
      <fudgeField type="date">1975-12-25</fudgeField>
      <fudgeField type="date">1976-01-01</fudgeField>
      <fudgeField type="date">1976-02-16</fudgeField>
      <fudgeField type="date">1976-05-31</fudgeField>
      <fudgeField type="date">1976-07-05</fudgeField>
      <fudgeField type="date">1976-09-06</fudgeField>
      <fudgeField type="date">1976-10-11</fudgeField>
      <fudgeField type="date">1976-10-25</fudgeField>
      <fudgeField type="date">1976-11-25</fudgeField>
      <fudgeField type="date">1976-12-25</fudgeField>
      <fudgeField type="date">1977-01-01</fudgeField>
      <fudgeField type="date">1977-02-21</fudgeField>
      <fudgeField type="date">1977-05-30</fudgeField>
      <fudgeField type="date">1977-07-04</fudgeField>
      <fudgeField type="date">1977-09-05</fudgeField>
      <fudgeField type="date">1977-10-10</fudgeField>
      <fudgeField type="date">1977-10-24</fudgeField>
      <fudgeField type="date">1977-11-24</fudgeField>
      <fudgeField type="date">1977-12-26</fudgeField>
      <fudgeField type="date">1978-01-02</fudgeField>
      <fudgeField type="date">1978-02-20</fudgeField>
      <fudgeField type="date">1978-05-29</fudgeField>
      <fudgeField type="date">1978-07-04</fudgeField>
      <fudgeField type="date">1978-09-04</fudgeField>
      <fudgeField type="date">1978-10-09</fudgeField>
      <fudgeField type="date">1978-11-11</fudgeField>
      <fudgeField type="date">1978-11-23</fudgeField>
      <fudgeField type="date">1978-12-25</fudgeField>
      <fudgeField type="date">1979-01-01</fudgeField>
      <fudgeField type="date">1979-02-19</fudgeField>
      <fudgeField type="date">1979-05-28</fudgeField>
      <fudgeField type="date">1979-07-04</fudgeField>
      <fudgeField type="date">1979-09-03</fudgeField>
      <fudgeField type="date">1979-10-08</fudgeField>
      <fudgeField type="date">1979-11-12</fudgeField>
      <fudgeField type="date">1979-11-22</fudgeField>
      <fudgeField type="date">1979-12-25</fudgeField>
      <fudgeField type="date">1980-01-01</fudgeField>
      <fudgeField type="date">1980-02-18</fudgeField>
      <fudgeField type="date">1980-05-26</fudgeField>
      <fudgeField type="date">1980-07-04</fudgeField>
      <fudgeField type="date">1980-09-01</fudgeField>
      <fudgeField type="date">1980-10-13</fudgeField>
      <fudgeField type="date">1980-11-11</fudgeField>
      <fudgeField type="date">1980-11-27</fudgeField>
      <fudgeField type="date">1980-12-25</fudgeField>
      <fudgeField type="date">1981-01-01</fudgeField>
      <fudgeField type="date">1981-02-16</fudgeField>
      <fudgeField type="date">1981-05-25</fudgeField>
      <fudgeField type="date">1981-07-04</fudgeField>
      <fudgeField type="date">1981-09-07</fudgeField>
      <fudgeField type="date">1981-10-12</fudgeField>
      <fudgeField type="date">1981-11-11</fudgeField>
      <fudgeField type="date">1981-11-26</fudgeField>
      <fudgeField type="date">1981-12-25</fudgeField>
      <fudgeField type="date">1982-01-01</fudgeField>
      <fudgeField type="date">1982-02-15</fudgeField>
      <fudgeField type="date">1982-05-31</fudgeField>
      <fudgeField type="date">1982-07-05</fudgeField>
      <fudgeField type="date">1982-09-06</fudgeField>
      <fudgeField type="date">1982-10-11</fudgeField>
      <fudgeField type="date">1982-11-11</fudgeField>
      <fudgeField type="date">1982-11-25</fudgeField>
      <fudgeField type="date">1982-12-25</fudgeField>
      <fudgeField type="date">1983-01-01</fudgeField>
      <fudgeField type="date">1983-02-21</fudgeField>
      <fudgeField type="date">1983-05-30</fudgeField>
      <fudgeField type="date">1983-07-04</fudgeField>
      <fudgeField type="date">1983-09-05</fudgeField>
      <fudgeField type="date">1983-10-10</fudgeField>
      <fudgeField type="date">1983-11-11</fudgeField>
      <fudgeField type="date">1983-11-24</fudgeField>
      <fudgeField type="date">1983-12-26</fudgeField>
      <fudgeField type="date">1984-01-02</fudgeField>
      <fudgeField type="date">1984-02-20</fudgeField>
      <fudgeField type="date">1984-05-28</fudgeField>
      <fudgeField type="date">1984-07-04</fudgeField>
      <fudgeField type="date">1984-09-03</fudgeField>
      <fudgeField type="date">1984-10-08</fudgeField>
      <fudgeField type="date">1984-11-12</fudgeField>
      <fudgeField type="date">1984-11-22</fudgeField>
      <fudgeField type="date">1984-12-25</fudgeField>
      <fudgeField type="date">1985-01-01</fudgeField>
      <fudgeField type="date">1985-02-18</fudgeField>
      <fudgeField type="date">1985-05-27</fudgeField>
      <fudgeField type="date">1985-07-04</fudgeField>
      <fudgeField type="date">1985-09-02</fudgeField>
      <fudgeField type="date">1985-10-14</fudgeField>
      <fudgeField type="date">1985-11-11</fudgeField>
      <fudgeField type="date">1985-11-28</fudgeField>
      <fudgeField type="date">1985-12-25</fudgeField>
      <fudgeField type="date">1986-01-01</fudgeField>
      <fudgeField type="date">1986-01-20</fudgeField>
      <fudgeField type="date">1986-02-17</fudgeField>
      <fudgeField type="date">1986-05-26</fudgeField>
      <fudgeField type="date">1986-07-04</fudgeField>
      <fudgeField type="date">1986-09-01</fudgeField>
      <fudgeField type="date">1986-10-13</fudgeField>
      <fudgeField type="date">1986-11-11</fudgeField>
      <fudgeField type="date">1986-11-27</fudgeField>
      <fudgeField type="date">1986-12-25</fudgeField>
      <fudgeField type="date">1987-01-01</fudgeField>
      <fudgeField type="date">1987-01-19</fudgeField>
      <fudgeField type="date">1987-02-16</fudgeField>
      <fudgeField type="date">1987-05-25</fudgeField>
      <fudgeField type="date">1987-07-04</fudgeField>
      <fudgeField type="date">1987-09-07</fudgeField>
      <fudgeField type="date">1987-10-12</fudgeField>
      <fudgeField type="date">1987-11-11</fudgeField>
      <fudgeField type="date">1987-11-26</fudgeField>
      <fudgeField type="date">1987-12-25</fudgeField>
      <fudgeField type="date">1988-01-01</fudgeField>
      <fudgeField type="date">1988-01-18</fudgeField>
      <fudgeField type="date">1988-02-15</fudgeField>
      <fudgeField type="date">1988-05-30</fudgeField>
      <fudgeField type="date">1988-07-04</fudgeField>
      <fudgeField type="date">1988-09-05</fudgeField>
      <fudgeField type="date">1988-10-10</fudgeField>
      <fudgeField type="date">1988-11-11</fudgeField>
      <fudgeField type="date">1988-11-24</fudgeField>
      <fudgeField type="date">1988-12-26</fudgeField>
      <fudgeField type="date">1989-01-02</fudgeField>
      <fudgeField type="date">1989-01-16</fudgeField>
      <fudgeField type="date">1989-02-20</fudgeField>
      <fudgeField type="date">1989-05-29</fudgeField>
      <fudgeField type="date">1989-07-04</fudgeField>
      <fudgeField type="date">1989-09-04</fudgeField>
      <fudgeField type="date">1989-10-09</fudgeField>
      <fudgeField type="date">1989-11-11</fudgeField>
      <fudgeField type="date">1989-11-23</fudgeField>
      <fudgeField type="date">1989-12-25</fudgeField>
      <fudgeField type="date">1990-01-01</fudgeField>
      <fudgeField type="date">1990-01-15</fudgeField>
      <fudgeField type="date">1990-02-19</fudgeField>
      <fudgeField type="date">1990-05-28</fudgeField>
      <fudgeField type="date">1990-07-04</fudgeField>
      <fudgeField type="date">1990-09-03</fudgeField>
      <fudgeField type="date">1990-10-08</fudgeField>
      <fudgeField type="date">1990-11-12</fudgeField>
      <fudgeField type="date">1990-11-22</fudgeField>
      <fudgeField type="date">1990-12-25</fudgeField>
      <fudgeField type="date">1991-01-01</fudgeField>
      <fudgeField type="date">1991-01-21</fudgeField>
      <fudgeField type="date">1991-02-18</fudgeField>
      <fudgeField type="date">1991-05-27</fudgeField>
      <fudgeField type="date">1991-07-04</fudgeField>
      <fudgeField type="date">1991-09-02</fudgeField>
      <fudgeField type="date">1991-10-14</fudgeField>
      <fudgeField type="date">1991-11-11</fudgeField>
      <fudgeField type="date">1991-11-28</fudgeField>
      <fudgeField type="date">1991-12-25</fudgeField>
      <fudgeField type="date">1992-01-01</fudgeField>
      <fudgeField type="date">1992-01-20</fudgeField>
      <fudgeField type="date">1992-02-17</fudgeField>
      <fudgeField type="date">1992-05-25</fudgeField>
      <fudgeField type="date">1992-07-04</fudgeField>
      <fudgeField type="date">1992-09-07</fudgeField>
      <fudgeField type="date">1992-10-12</fudgeField>
      <fudgeField type="date">1992-11-11</fudgeField>
      <fudgeField type="date">1992-11-26</fudgeField>
      <fudgeField type="date">1992-12-25</fudgeField>
      <fudgeField type="date">1993-01-01</fudgeField>
      <fudgeField type="date">1993-01-18</fudgeField>
      <fudgeField type="date">1993-02-15</fudgeField>
      <fudgeField type="date">1993-05-31</fudgeField>
      <fudgeField type="date">1993-07-05</fudgeField>
      <fudgeField type="date">1993-09-06</fudgeField>
      <fudgeField type="date">1993-10-11</fudgeField>
      <fudgeField type="date">1993-11-11</fudgeField>
      <fudgeField type="date">1993-11-25</fudgeField>
      <fudgeField type="date">1993-12-25</fudgeField>
      <fudgeField type="date">1994-01-01</fudgeField>
      <fudgeField type="date">1994-01-17</fudgeField>
      <fudgeField type="date">1994-02-21</fudgeField>
      <fudgeField type="date">1994-05-30</fudgeField>
      <fudgeField type="date">1994-07-04</fudgeField>
      <fudgeField type="date">1994-09-05</fudgeField>
      <fudgeField type="date">1994-10-10</fudgeField>
      <fudgeField type="date">1994-11-11</fudgeField>
      <fudgeField type="date">1994-11-24</fudgeField>
      <fudgeField type="date">1994-12-26</fudgeField>
      <fudgeField type="date">1995-01-02</fudgeField>
      <fudgeField type="date">1995-01-16</fudgeField>
      <fudgeField type="date">1995-02-20</fudgeField>
      <fudgeField type="date">1995-05-29</fudgeField>
      <fudgeField type="date">1995-07-04</fudgeField>
      <fudgeField type="date">1995-09-04</fudgeField>
      <fudgeField type="date">1995-10-09</fudgeField>
      <fudgeField type="date">1995-11-11</fudgeField>
      <fudgeField type="date">1995-11-23</fudgeField>
      <fudgeField type="date">1995-12-25</fudgeField>
      <fudgeField type="date">1996-01-01</fudgeField>
      <fudgeField type="date">1996-01-15</fudgeField>
      <fudgeField type="date">1996-02-19</fudgeField>
      <fudgeField type="date">1996-05-27</fudgeField>
      <fudgeField type="date">1996-07-04</fudgeField>
      <fudgeField type="date">1996-09-02</fudgeField>
      <fudgeField type="date">1996-10-14</fudgeField>
      <fudgeField type="date">1996-11-11</fudgeField>
      <fudgeField type="date">1996-11-28</fudgeField>
      <fudgeField type="date">1996-12-25</fudgeField>
      <fudgeField type="date">1997-01-01</fudgeField>
      <fudgeField type="date">1997-01-20</fudgeField>
      <fudgeField type="date">1997-02-17</fudgeField>
      <fudgeField type="date">1997-05-26</fudgeField>
      <fudgeField type="date">1997-07-04</fudgeField>
      <fudgeField type="date">1997-09-01</fudgeField>
      <fudgeField type="date">1997-10-13</fudgeField>
      <fudgeField type="date">1997-11-11</fudgeField>
      <fudgeField type="date">1997-11-27</fudgeField>
      <fudgeField type="date">1997-12-25</fudgeField>
      <fudgeField type="date">1998-01-01</fudgeField>
      <fudgeField type="date">1998-01-19</fudgeField>
      <fudgeField type="date">1998-02-16</fudgeField>
      <fudgeField type="date">1998-05-25</fudgeField>
      <fudgeField type="date">1998-07-04</fudgeField>
      <fudgeField type="date">1998-09-07</fudgeField>
      <fudgeField type="date">1998-10-12</fudgeField>
      <fudgeField type="date">1998-11-11</fudgeField>
      <fudgeField type="date">1998-11-26</fudgeField>
      <fudgeField type="date">1998-12-25</fudgeField>
      <fudgeField type="date">1999-01-01</fudgeField>
      <fudgeField type="date">1999-01-18</fudgeField>
      <fudgeField type="date">1999-02-15</fudgeField>
      <fudgeField type="date">1999-05-31</fudgeField>
      <fudgeField type="date">1999-07-05</fudgeField>
      <fudgeField type="date">1999-09-06</fudgeField>
      <fudgeField type="date">1999-10-11</fudgeField>
      <fudgeField type="date">1999-11-11</fudgeField>
      <fudgeField type="date">1999-11-25</fudgeField>
      <fudgeField type="date">1999-12-25</fudgeField>
      <fudgeField type="date">2000-01-01</fudgeField>
      <fudgeField type="date">2000-01-17</fudgeField>
      <fudgeField type="date">2000-02-21</fudgeField>
      <fudgeField type="date">2000-05-29</fudgeField>
      <fudgeField type="date">2000-07-04</fudgeField>
      <fudgeField type="date">2000-09-04</fudgeField>
      <fudgeField type="date">2000-10-09</fudgeField>
      <fudgeField type="date">2000-11-11</fudgeField>
      <fudgeField type="date">2000-11-23</fudgeField>
      <fudgeField type="date">2000-12-25</fudgeField>
      <fudgeField type="date">2001-01-01</fudgeField>
      <fudgeField type="date">2001-01-15</fudgeField>
      <fudgeField type="date">2001-02-19</fudgeField>
      <fudgeField type="date">2001-05-28</fudgeField>
      <fudgeField type="date">2001-07-04</fudgeField>
      <fudgeField type="date">2001-09-03</fudgeField>
      <fudgeField type="date">2001-10-08</fudgeField>
      <fudgeField type="date">2001-11-12</fudgeField>
      <fudgeField type="date">2001-11-22</fudgeField>
      <fudgeField type="date">2001-12-25</fudgeField>
      <fudgeField type="date">2002-01-01</fudgeField>
      <fudgeField type="date">2002-01-21</fudgeField>
      <fudgeField type="date">2002-02-18</fudgeField>
      <fudgeField type="date">2002-05-27</fudgeField>
      <fudgeField type="date">2002-07-04</fudgeField>
      <fudgeField type="date">2002-09-02</fudgeField>
      <fudgeField type="date">2002-10-14</fudgeField>
      <fudgeField type="date">2002-11-11</fudgeField>
      <fudgeField type="date">2002-11-28</fudgeField>
      <fudgeField type="date">2002-12-25</fudgeField>
      <fudgeField type="date">2003-01-01</fudgeField>
      <fudgeField type="date">2003-01-20</fudgeField>
      <fudgeField type="date">2003-02-17</fudgeField>
      <fudgeField type="date">2003-05-26</fudgeField>
      <fudgeField type="date">2003-07-04</fudgeField>
      <fudgeField type="date">2003-09-01</fudgeField>
      <fudgeField type="date">2003-10-13</fudgeField>
      <fudgeField type="date">2003-11-11</fudgeField>
      <fudgeField type="date">2003-11-27</fudgeField>
      <fudgeField type="date">2003-12-25</fudgeField>
      <fudgeField type="date">2004-01-01</fudgeField>
      <fudgeField type="date">2004-01-19</fudgeField>
      <fudgeField type="date">2004-02-16</fudgeField>
      <fudgeField type="date">2004-05-31</fudgeField>
      <fudgeField type="date">2004-07-05</fudgeField>
      <fudgeField type="date">2004-09-06</fudgeField>
      <fudgeField type="date">2004-10-11</fudgeField>
      <fudgeField type="date">2004-11-11</fudgeField>
      <fudgeField type="date">2004-11-25</fudgeField>
      <fudgeField type="date">2004-12-25</fudgeField>
      <fudgeField type="date">2005-01-01</fudgeField>
      <fudgeField type="date">2005-01-17</fudgeField>
      <fudgeField type="date">2005-02-21</fudgeField>
      <fudgeField type="date">2005-05-30</fudgeField>
      <fudgeField type="date">2005-07-04</fudgeField>
      <fudgeField type="date">2005-09-05</fudgeField>
      <fudgeField type="date">2005-10-10</fudgeField>
      <fudgeField type="date">2005-11-11</fudgeField>
      <fudgeField type="date">2005-11-24</fudgeField>
      <fudgeField type="date">2005-12-26</fudgeField>
      <fudgeField type="date">2006-01-02</fudgeField>
      <fudgeField type="date">2006-01-16</fudgeField>
      <fudgeField type="date">2006-02-20</fudgeField>
      <fudgeField type="date">2006-05-29</fudgeField>
      <fudgeField type="date">2006-07-04</fudgeField>
      <fudgeField type="date">2006-09-04</fudgeField>
      <fudgeField type="date">2006-10-09</fudgeField>
      <fudgeField type="date">2006-11-11</fudgeField>
      <fudgeField type="date">2006-11-23</fudgeField>
      <fudgeField type="date">2006-12-25</fudgeField>
      <fudgeField type="date">2007-01-01</fudgeField>
      <fudgeField type="date">2007-01-15</fudgeField>
      <fudgeField type="date">2007-02-19</fudgeField>
      <fudgeField type="date">2007-05-28</fudgeField>
      <fudgeField type="date">2007-07-04</fudgeField>
      <fudgeField type="date">2007-09-03</fudgeField>
      <fudgeField type="date">2007-10-08</fudgeField>
      <fudgeField type="date">2007-11-12</fudgeField>
      <fudgeField type="date">2007-11-22</fudgeField>
      <fudgeField type="date">2007-12-25</fudgeField>
      <fudgeField type="date">2008-01-01</fudgeField>
      <fudgeField type="date">2008-01-21</fudgeField>
      <fudgeField type="date">2008-02-18</fudgeField>
      <fudgeField type="date">2008-05-26</fudgeField>
      <fudgeField type="date">2008-07-04</fudgeField>
      <fudgeField type="date">2008-09-01</fudgeField>
      <fudgeField type="date">2008-10-13</fudgeField>
      <fudgeField type="date">2008-11-11</fudgeField>
      <fudgeField type="date">2008-11-27</fudgeField>
      <fudgeField type="date">2008-12-25</fudgeField>
      <fudgeField type="date">2009-01-01</fudgeField>
      <fudgeField type="date">2009-01-19</fudgeField>
      <fudgeField type="date">2009-02-16</fudgeField>
      <fudgeField type="date">2009-05-25</fudgeField>
      <fudgeField type="date">2009-07-04</fudgeField>
      <fudgeField type="date">2009-09-07</fudgeField>
      <fudgeField type="date">2009-10-12</fudgeField>
      <fudgeField type="date">2009-11-11</fudgeField>
      <fudgeField type="date">2009-11-26</fudgeField>
      <fudgeField type="date">2009-12-25</fudgeField>
      <fudgeField type="date">2010-01-01</fudgeField>
      <fudgeField type="date">2010-01-18</fudgeField>
      <fudgeField type="date">2010-02-15</fudgeField>
      <fudgeField type="date">2010-05-31</fudgeField>
      <fudgeField type="date">2010-07-05</fudgeField>
      <fudgeField type="date">2010-09-06</fudgeField>
      <fudgeField type="date">2010-10-11</fudgeField>
      <fudgeField type="date">2010-11-11</fudgeField>
      <fudgeField type="date">2010-11-25</fudgeField>
      <fudgeField type="date">2010-12-25</fudgeField>
      <fudgeField type="date">2011-01-01</fudgeField>
      <fudgeField type="date">2011-01-17</fudgeField>
      <fudgeField type="date">2011-02-21</fudgeField>
      <fudgeField type="date">2011-05-30</fudgeField>
      <fudgeField type="date">2011-07-04</fudgeField>
      <fudgeField type="date">2011-09-05</fudgeField>
      <fudgeField type="date">2011-10-10</fudgeField>
      <fudgeField type="date">2011-11-11</fudgeField>
      <fudgeField type="date">2011-11-24</fudgeField>
      <fudgeField type="date">2011-12-26</fudgeField>
      <fudgeField type="date">2012-01-02</fudgeField>
      <fudgeField type="date">2012-01-16</fudgeField>
      <fudgeField type="date">2012-02-20</fudgeField>
      <fudgeField type="date">2012-05-28</fudgeField>
      <fudgeField type="date">2012-07-04</fudgeField>
      <fudgeField type="date">2012-09-03</fudgeField>
      <fudgeField type="date">2012-10-08</fudgeField>
      <fudgeField type="date">2012-11-12</fudgeField>
      <fudgeField type="date">2012-11-22</fudgeField>
      <fudgeField type="date">2012-12-25</fudgeField>
      <fudgeField type="date">2013-01-01</fudgeField>
      <fudgeField type="date">2013-01-21</fudgeField>
      <fudgeField type="date">2013-02-18</fudgeField>
      <fudgeField type="date">2013-05-27</fudgeField>
      <fudgeField type="date">2013-07-04</fudgeField>
      <fudgeField type="date">2013-09-02</fudgeField>
      <fudgeField type="date">2013-10-14</fudgeField>
      <fudgeField type="date">2013-11-11</fudgeField>
      <fudgeField type="date">2013-11-28</fudgeField>
      <fudgeField type="date">2013-12-25</fudgeField>
      <fudgeField type="date">2014-01-01</fudgeField>
      <fudgeField type="date">2014-01-20</fudgeField>
      <fudgeField type="date">2014-02-17</fudgeField>
      <fudgeField type="date">2014-05-26</fudgeField>
      <fudgeField type="date">2014-07-04</fudgeField>
      <fudgeField type="date">2014-09-01</fudgeField>
      <fudgeField type="date">2014-10-13</fudgeField>
      <fudgeField type="date">2014-11-11</fudgeField>
      <fudgeField type="date">2014-11-27</fudgeField>
      <fudgeField type="date">2014-12-25</fudgeField>
      <fudgeField type="date">2015-01-01</fudgeField>
      <fudgeField type="date">2015-01-19</fudgeField>
      <fudgeField type="date">2015-02-16</fudgeField>
      <fudgeField type="date">2015-05-25</fudgeField>
      <fudgeField type="date">2015-07-04</fudgeField>
      <fudgeField type="date">2015-09-07</fudgeField>
      <fudgeField type="date">2015-10-12</fudgeField>
      <fudgeField type="date">2015-11-11</fudgeField>
      <fudgeField type="date">2015-11-26</fudgeField>
      <fudgeField type="date">2015-12-25</fudgeField>
      <fudgeField type="date">2016-01-01</fudgeField>
      <fudgeField type="date">2016-01-18</fudgeField>
      <fudgeField type="date">2016-02-15</fudgeField>
      <fudgeField type="date">2016-05-30</fudgeField>
      <fudgeField type="date">2016-07-04</fudgeField>
      <fudgeField type="date">2016-09-05</fudgeField>
      <fudgeField type="date">2016-10-10</fudgeField>
      <fudgeField type="date">2016-11-11</fudgeField>
      <fudgeField type="date">2016-11-24</fudgeField>
      <fudgeField type="date">2016-12-26</fudgeField>
      <fudgeField type="date">2017-01-02</fudgeField>
      <fudgeField type="date">2017-01-16</fudgeField>
      <fudgeField type="date">2017-02-20</fudgeField>
      <fudgeField type="date">2017-05-29</fudgeField>
      <fudgeField type="date">2017-07-04</fudgeField>
      <fudgeField type="date">2017-09-04</fudgeField>
      <fudgeField type="date">2017-10-09</fudgeField>
      <fudgeField type="date">2017-11-11</fudgeField>
      <fudgeField type="date">2017-11-23</fudgeField>
      <fudgeField type="date">2017-12-25</fudgeField>
      <fudgeField type="date">2018-01-01</fudgeField>
      <fudgeField type="date">2018-01-15</fudgeField>
      <fudgeField type="date">2018-02-19</fudgeField>
      <fudgeField type="date">2018-05-28</fudgeField>
      <fudgeField type="date">2018-07-04</fudgeField>
      <fudgeField type="date">2018-09-03</fudgeField>
      <fudgeField type="date">2018-10-08</fudgeField>
      <fudgeField type="date">2018-11-12</fudgeField>
      <fudgeField type="date">2018-11-22</fudgeField>
      <fudgeField type="date">2018-12-25</fudgeField>
      <fudgeField type="date">2019-01-01</fudgeField>
      <fudgeField type="date">2019-01-21</fudgeField>
      <fudgeField type="date">2019-02-18</fudgeField>
      <fudgeField type="date">2019-05-27</fudgeField>
      <fudgeField type="date">2019-07-04</fudgeField>
      <fudgeField type="date">2019-09-02</fudgeField>
      <fudgeField type="date">2019-10-14</fudgeField>
      <fudgeField type="date">2019-11-11</fudgeField>
      <fudgeField type="date">2019-11-28</fudgeField>
      <fudgeField type="date">2019-12-25</fudgeField>
      <fudgeField type="date">2020-01-01</fudgeField>
      <fudgeField type="date">2020-01-20</fudgeField>
      <fudgeField type="date">2020-02-17</fudgeField>
      <fudgeField type="date">2020-05-25</fudgeField>
      <fudgeField type="date">2020-07-04</fudgeField>
      <fudgeField type="date">2020-09-07</fudgeField>
      <fudgeField type="date">2020-10-12</fudgeField>
      <fudgeField type="date">2020-11-11</fudgeField>
      <fudgeField type="date">2020-11-26</fudgeField>
      <fudgeField type="date">2020-12-25</fudgeField>
      <fudgeField type="date">2021-01-01</fudgeField>
      <fudgeField type="date">2021-01-18</fudgeField>
      <fudgeField type="date">2021-02-15</fudgeField>
      <fudgeField type="date">2021-05-31</fudgeField>
      <fudgeField type="date">2021-07-05</fudgeField>
      <fudgeField type="date">2021-09-06</fudgeField>
      <fudgeField type="date">2021-10-11</fudgeField>
      <fudgeField type="date">2021-11-11</fudgeField>
      <fudgeField type="date">2021-11-25</fudgeField>
      <fudgeField type="date">2021-12-25</fudgeField>
      <fudgeField type="date">2022-01-01</fudgeField>
      <fudgeField type="date">2022-01-17</fudgeField>
      <fudgeField type="date">2022-02-21</fudgeField>
      <fudgeField type="date">2022-05-30</fudgeField>
      <fudgeField type="date">2022-07-04</fudgeField>
      <fudgeField type="date">2022-09-05</fudgeField>
      <fudgeField type="date">2022-10-10</fudgeField>
      <fudgeField type="date">2022-11-11</fudgeField>
      <fudgeField type="date">2022-11-24</fudgeField>
      <fudgeField type="date">2022-12-26</fudgeField>
      <fudgeField type="date">2023-01-02</fudgeField>
      <fudgeField type="date">2023-01-16</fudgeField>
      <fudgeField type="date">2023-02-20</fudgeField>
      <fudgeField type="date">2023-05-29</fudgeField>
      <fudgeField type="date">2023-07-04</fudgeField>
      <fudgeField type="date">2023-09-04</fudgeField>
      <fudgeField type="date">2023-10-09</fudgeField>
      <fudgeField type="date">2023-11-11</fudgeField>
      <fudgeField type="date">2023-11-23</fudgeField>
      <fudgeField type="date">2023-12-25</fudgeField>
      <fudgeField type="date">2024-01-01</fudgeField>
      <fudgeField type="date">2024-01-15</fudgeField>
      <fudgeField type="date">2024-02-19</fudgeField>
      <fudgeField type="date">2024-05-27</fudgeField>
      <fudgeField type="date">2024-07-04</fudgeField>
      <fudgeField type="date">2024-09-02</fudgeField>
      <fudgeField type="date">2024-10-14</fudgeField>
      <fudgeField type="date">2024-11-11</fudgeField>
      <fudgeField type="date">2024-11-28</fudgeField>
      <fudgeField type="date">2024-12-25</fudgeField>
      <fudgeField type="date">2025-01-01</fudgeField>
      <fudgeField type="date">2025-01-20</fudgeField>
      <fudgeField type="date">2025-02-17</fudgeField>
      <fudgeField type="date">2025-05-26</fudgeField>
      <fudgeField type="date">2025-07-04</fudgeField>
      <fudgeField type="date">2025-09-01</fudgeField>
      <fudgeField type="date">2025-10-13</fudgeField>
      <fudgeField type="date">2025-11-11</fudgeField>
      <fudgeField type="date">2025-11-27</fudgeField>
      <fudgeField type="date">2025-12-25</fudgeField>
      <fudgeField type="date">2026-01-01</fudgeField>
      <fudgeField type="date">2026-01-19</fudgeField>
      <fudgeField type="date">2026-02-16</fudgeField>
      <fudgeField type="date">2026-05-25</fudgeField>
      <fudgeField type="date">2026-07-04</fudgeField>
      <fudgeField type="date">2026-09-07</fudgeField>
      <fudgeField type="date">2026-10-12</fudgeField>
      <fudgeField type="date">2026-11-11</fudgeField>
      <fudgeField type="date">2026-11-26</fudgeField>
      <fudgeField type="date">2026-12-25</fudgeField>
      <fudgeField type="date">2027-01-01</fudgeField>
      <fudgeField type="date">2027-01-18</fudgeField>
      <fudgeField type="date">2027-02-15</fudgeField>
      <fudgeField type="date">2027-05-31</fudgeField>
      <fudgeField type="date">2027-07-05</fudgeField>
      <fudgeField type="date">2027-09-06</fudgeField>
      <fudgeField type="date">2027-10-11</fudgeField>
      <fudgeField type="date">2027-11-11</fudgeField>
      <fudgeField type="date">2027-11-25</fudgeField>
      <fudgeField type="date">2027-12-25</fudgeField>
      <fudgeField type="date">2028-01-01</fudgeField>
      <fudgeField type="date">2028-01-17</fudgeField>
      <fudgeField type="date">2028-02-21</fudgeField>
      <fudgeField type="date">2028-05-29</fudgeField>
      <fudgeField type="date">2028-07-04</fudgeField>
      <fudgeField type="date">2028-09-04</fudgeField>
      <fudgeField type="date">2028-10-09</fudgeField>
      <fudgeField type="date">2028-11-11</fudgeField>
      <fudgeField type="date">2028-11-23</fudgeField>
      <fudgeField type="date">2028-12-25</fudgeField>
      <fudgeField type="date">2029-01-01</fudgeField>
      <fudgeField type="date">2029-01-15</fudgeField>
      <fudgeField type="date">2029-02-19</fudgeField>
      <fudgeField type="date">2029-05-28</fudgeField>
      <fudgeField type="date">2029-07-04</fudgeField>
      <fudgeField type="date">2029-09-03</fudgeField>
      <fudgeField type="date">2029-10-08</fudgeField>
      <fudgeField type="date">2029-11-12</fudgeField>
      <fudgeField type="date">2029-11-22</fudgeField>
      <fudgeField type="date">2029-12-25</fudgeField>
      <fudgeField type="date">2030-01-01</fudgeField>
      <fudgeField type="date">2030-01-21</fudgeField>
      <fudgeField type="date">2030-02-18</fudgeField>
      <fudgeField type="date">2030-05-27</fudgeField>
      <fudgeField type="date">2030-07-04</fudgeField>
      <fudgeField type="date">2030-09-02</fudgeField>
      <fudgeField type="date">2030-10-14</fudgeField>
      <fudgeField type="date">2030-11-11</fudgeField>
      <fudgeField type="date">2030-11-28</fudgeField>
      <fudgeField type="date">2030-12-25</fudgeField>
      <fudgeField type="date">2031-01-01</fudgeField>
      <fudgeField type="date">2031-01-20</fudgeField>
      <fudgeField type="date">2031-02-17</fudgeField>
      <fudgeField type="date">2031-05-26</fudgeField>
      <fudgeField type="date">2031-07-04</fudgeField>
      <fudgeField type="date">2031-09-01</fudgeField>
      <fudgeField type="date">2031-10-13</fudgeField>
      <fudgeField type="date">2031-11-11</fudgeField>
      <fudgeField type="date">2031-11-27</fudgeField>
      <fudgeField type="date">2031-12-25</fudgeField>
      <fudgeField type="date">2032-01-01</fudgeField>
      <fudgeField type="date">2032-01-19</fudgeField>
      <fudgeField type="date">2032-02-16</fudgeField>
      <fudgeField type="date">2032-05-31</fudgeField>
      <fudgeField type="date">2032-07-05</fudgeField>
      <fudgeField type="date">2032-09-06</fudgeField>
      <fudgeField type="date">2032-10-11</fudgeField>
      <fudgeField type="date">2032-11-11</fudgeField>
      <fudgeField type="date">2032-11-25</fudgeField>
      <fudgeField type="date">2032-12-25</fudgeField>
      <fudgeField type="date">2033-01-01</fudgeField>
      <fudgeField type="date">2033-01-17</fudgeField>
      <fudgeField type="date">2033-02-21</fudgeField>
      <fudgeField type="date">2033-05-30</fudgeField>
      <fudgeField type="date">2033-07-04</fudgeField>
      <fudgeField type="date">2033-09-05</fudgeField>
      <fudgeField type="date">2033-10-10</fudgeField>
      <fudgeField type="date">2033-11-11</fudgeField>
      <fudgeField type="date">2033-11-24</fudgeField>
      <fudgeField type="date">2033-12-26</fudgeField>
      <fudgeField type="date">2034-01-02</fudgeField>
      <fudgeField type="date">2034-01-16</fudgeField>
      <fudgeField type="date">2034-02-20</fudgeField>
      <fudgeField type="date">2034-05-29</fudgeField>
      <fudgeField type="date">2034-07-04</fudgeField>
      <fudgeField type="date">2034-09-04</fudgeField>
      <fudgeField type="date">2034-10-09</fudgeField>
      <fudgeField type="date">2034-11-11</fudgeField>
      <fudgeField type="date">2034-11-23</fudgeField>
      <fudgeField type="date">2034-12-25</fudgeField>
      <fudgeField type="date">2035-01-01</fudgeField>
      <fudgeField type="date">2035-01-15</fudgeField>
      <fudgeField type="date">2035-02-19</fudgeField>
      <fudgeField type="date">2035-05-28</fudgeField>
      <fudgeField type="date">2035-07-04</fudgeField>
      <fudgeField type="date">2035-09-03</fudgeField>
      <fudgeField type="date">2035-10-08</fudgeField>
      <fudgeField type="date">2035-11-12</fudgeField>
      <fudgeField type="date">2035-11-22</fudgeField>
      <fudgeField type="date">2035-12-25</fudgeField>
      <fudgeField type="date">2036-01-01</fudgeField>
      <fudgeField type="date">2036-01-21</fudgeField>
      <fudgeField type="date">2036-02-18</fudgeField>
      <fudgeField type="date">2036-05-26</fudgeField>
      <fudgeField type="date">2036-07-04</fudgeField>
      <fudgeField type="date">2036-09-01</fudgeField>
      <fudgeField type="date">2036-10-13</fudgeField>
      <fudgeField type="date">2036-11-11</fudgeField>
      <fudgeField type="date">2036-11-27</fudgeField>
      <fudgeField type="date">2036-12-25</fudgeField>
      <fudgeField type="date">2037-01-01</fudgeField>
      <fudgeField type="date">2037-01-19</fudgeField>
      <fudgeField type="date">2037-02-16</fudgeField>
      <fudgeField type="date">2037-05-25</fudgeField>
      <fudgeField type="date">2037-07-04</fudgeField>
      <fudgeField type="date">2037-09-07</fudgeField>
      <fudgeField type="date">2037-10-12</fudgeField>
      <fudgeField type="date">2037-11-11</fudgeField>
      <fudgeField type="date">2037-11-26</fudgeField>
      <fudgeField type="date">2037-12-25</fudgeField>
      <fudgeField type="date">2038-01-01</fudgeField>
      <fudgeField type="date">2038-01-18</fudgeField>
      <fudgeField type="date">2038-02-15</fudgeField>
      <fudgeField type="date">2038-05-31</fudgeField>
      <fudgeField type="date">2038-07-05</fudgeField>
      <fudgeField type="date">2038-09-06</fudgeField>
      <fudgeField type="date">2038-10-11</fudgeField>
      <fudgeField type="date">2038-11-11</fudgeField>
      <fudgeField type="date">2038-11-25</fudgeField>
      <fudgeField type="date">2038-12-25</fudgeField>
      <fudgeField type="date">2039-01-01</fudgeField>
      <fudgeField type="date">2039-01-17</fudgeField>
      <fudgeField type="date">2039-02-21</fudgeField>
      <fudgeField type="date">2039-05-30</fudgeField>
      <fudgeField type="date">2039-07-04</fudgeField>
      <fudgeField type="date">2039-09-05</fudgeField>
      <fudgeField type="date">2039-10-10</fudgeField>
      <fudgeField type="date">2039-11-11</fudgeField>
      <fudgeField type="date">2039-11-24</fudgeField>
      <fudgeField type="date">2039-12-26</fudgeField>
      <fudgeField type="date">2040-01-02</fudgeField>
      <fudgeField type="date">2040-01-16</fudgeField>
      <fudgeField type="date">2040-02-20</fudgeField>
      <fudgeField type="date">2040-05-28</fudgeField>
      <fudgeField type="date">2040-07-04</fudgeField>
      <fudgeField type="date">2040-09-03</fudgeField>
      <fudgeField type="date">2040-10-08</fudgeField>
      <fudgeField type="date">2040-11-12</fudgeField>
      <fudgeField type="date">2040-11-22</fudgeField>
      <fudgeField type="date">2040-12-25</fudgeField>
      <fudgeField type="date">2041-01-01</fudgeField>
      <fudgeField type="date">2041-01-21</fudgeField>
      <fudgeField type="date">2041-02-18</fudgeField>
      <fudgeField type="date">2041-05-27</fudgeField>
      <fudgeField type="date">2041-07-04</fudgeField>
      <fudgeField type="date">2041-09-02</fudgeField>
      <fudgeField type="date">2041-10-14</fudgeField>
      <fudgeField type="date">2041-11-11</fudgeField>
      <fudgeField type="date">2041-11-28</fudgeField>
      <fudgeField type="date">2041-12-25</fudgeField>
      <fudgeField type="date">2042-01-01</fudgeField>
      <fudgeField type="date">2042-01-20</fudgeField>
      <fudgeField type="date">2042-02-17</fudgeField>
      <fudgeField type="date">2042-05-26</fudgeField>
      <fudgeField type="date">2042-07-04</fudgeField>
      <fudgeField type="date">2042-09-01</fudgeField>
      <fudgeField type="date">2042-10-13</fudgeField>
      <fudgeField type="date">2042-11-11</fudgeField>
      <fudgeField type="date">2042-11-27</fudgeField>
      <fudgeField type="date">2042-12-25</fudgeField>
      <fudgeField type="date">2043-01-01</fudgeField>
      <fudgeField type="date">2043-01-19</fudgeField>
      <fudgeField type="date">2043-02-16</fudgeField>
      <fudgeField type="date">2043-05-25</fudgeField>
      <fudgeField type="date">2043-07-04</fudgeField>
      <fudgeField type="date">2043-09-07</fudgeField>
      <fudgeField type="date">2043-10-12</fudgeField>
      <fudgeField type="date">2043-11-11</fudgeField>
      <fudgeField type="date">2043-11-26</fudgeField>
      <fudgeField type="date">2043-12-25</fudgeField>
   </holidayDates>
   <fudgeField0 ordinal="0" type="string">com.opengamma.master.holiday.ManageableHoliday</fudgeField0>
   <fudgeField0 ordinal="0" type="string">org.joda.beans.impl.direct.DirectBean</fudgeField0>
</fudgeEnvelope>
