<?xml version="1.0" encoding="UTF-8"?>
<fudgeEnvelope>
   <uniqueId type="string">MemHol~2</uniqueId>
   <type type="message">
      <fudgeField0 ordinal="0" type="string">com.opengamma.core.holiday.HolidayType</fudgeField0>
      <fudgeField1 ordinal="1" type="string">CUSTOM</fudgeField1>
   </type>
   <customExternalId type="string">ISDA_HOLIDAY~GBLO</customExternalId>
   <holidayDates type="message">
      <fudgeField type="date">1965-01-01</fudgeField>
      <fudgeField type="date">1965-04-16</fudgeField>
      <fudgeField type="date">1965-04-19</fudgeField>
      <fudgeField type="date">1965-06-07</fudgeField>
      <fudgeField type="date">1965-08-30</fudgeField>
      <fudgeField type="date">1965-12-27</fudgeField>
      <fudgeField type="date">1965-12-28</fudgeField>
      <fudgeField type="date">1966-01-03</fudgeField>
      <fudgeField type="date">1966-04-08</fudgeField>
      <fudgeField type="date">1966-04-11</fudgeField>
      <fudgeField type="date">1966-05-30</fudgeField>
      <fudgeField type="date">1966-08-29</fudgeField>
      <fudgeField type="date">1966-12-26</fudgeField>
      <fudgeField type="date">1966-12-27</fudgeField>
      <fudgeField type="date">1967-01-02</fudgeField>
      <fudgeField type="date">1967-03-24</fudgeField>
      <fudgeField type="date">1967-03-27</fudgeField>
      <fudgeField type="date">1967-05-29</fudgeField>
      <fudgeField type="date">1967-08-28</fudgeField>
      <fudgeField type="date">1967-12-25</fudgeField>
      <fudgeField type="date">1967-12-26</fudgeField>
      <fudgeField type="date">1968-01-01</fudgeField>
      <fudgeField type="date">1968-04-12</fudgeField>
      <fudgeField type="date">1968-04-15</fudgeField>
      <fudgeField type="date">1968-05-27</fudgeField>
      <fudgeField type="date">1968-08-26</fudgeField>
      <fudgeField type="date">1968-12-25</fudgeField>
      <fudgeField type="date">1968-12-26</fudgeField>
      <fudgeField type="date">1969-01-01</fudgeField>
      <fudgeField type="date">1969-04-04</fudgeField>
      <fudgeField type="date">1969-04-07</fudgeField>
      <fudgeField type="date">1969-05-26</fudgeField>
      <fudgeField type="date">1969-08-25</fudgeField>
      <fudgeField type="date">1969-12-25</fudgeField>
      <fudgeField type="date">1969-12-26</fudgeField>
      <fudgeField type="date">1970-01-01</fudgeField>
      <fudgeField type="date">1970-03-27</fudgeField>
      <fudgeField type="date">1970-03-30</fudgeField>
      <fudgeField type="date">1970-05-25</fudgeField>
      <fudgeField type="date">1970-08-31</fudgeField>
      <fudgeField type="date">1970-12-25</fudgeField>
      <fudgeField type="date">1970-12-28</fudgeField>
      <fudgeField type="date">1971-01-01</fudgeField>
      <fudgeField type="date">1971-04-09</fudgeField>
      <fudgeField type="date">1971-04-12</fudgeField>
      <fudgeField type="date">1971-05-31</fudgeField>
      <fudgeField type="date">1971-08-30</fudgeField>
      <fudgeField type="date">1971-12-27</fudgeField>
      <fudgeField type="date">1971-12-28</fudgeField>
      <fudgeField type="date">1972-01-03</fudgeField>
      <fudgeField type="date">1972-03-31</fudgeField>
      <fudgeField type="date">1972-04-03</fudgeField>
      <fudgeField type="date">1972-05-29</fudgeField>
      <fudgeField type="date">1972-08-28</fudgeField>
      <fudgeField type="date">1972-12-25</fudgeField>
      <fudgeField type="date">1972-12-26</fudgeField>
      <fudgeField type="date">1973-01-01</fudgeField>
      <fudgeField type="date">1973-04-20</fudgeField>
      <fudgeField type="date">1973-04-23</fudgeField>
      <fudgeField type="date">1973-05-28</fudgeField>
      <fudgeField type="date">1973-08-27</fudgeField>
      <fudgeField type="date">1973-12-25</fudgeField>
      <fudgeField type="date">1973-12-26</fudgeField>
      <fudgeField type="date">1974-01-01</fudgeField>
      <fudgeField type="date">1974-04-12</fudgeField>
      <fudgeField type="date">1974-04-15</fudgeField>
      <fudgeField type="date">1974-05-27</fudgeField>
      <fudgeField type="date">1974-08-26</fudgeField>
      <fudgeField type="date">1974-12-25</fudgeField>
      <fudgeField type="date">1974-12-26</fudgeField>
      <fudgeField type="date">1975-01-01</fudgeField>
      <fudgeField type="date">1975-03-28</fudgeField>
      <fudgeField type="date">1975-03-31</fudgeField>
      <fudgeField type="date">1975-05-26</fudgeField>
      <fudgeField type="date">1975-08-25</fudgeField>
      <fudgeField type="date">1975-12-25</fudgeField>
      <fudgeField type="date">1975-12-26</fudgeField>
      <fudgeField type="date">1976-01-01</fudgeField>
      <fudgeField type="date">1976-04-16</fudgeField>
      <fudgeField type="date">1976-04-19</fudgeField>
      <fudgeField type="date">1976-05-31</fudgeField>
      <fudgeField type="date">1976-08-30</fudgeField>
      <fudgeField type="date">1976-12-27</fudgeField>
      <fudgeField type="date">1976-12-28</fudgeField>
      <fudgeField type="date">1977-01-03</fudgeField>
      <fudgeField type="date">1977-04-08</fudgeField>
      <fudgeField type="date">1977-04-11</fudgeField>
      <fudgeField type="date">1977-05-30</fudgeField>
      <fudgeField type="date">1977-08-29</fudgeField>
      <fudgeField type="date">1977-12-26</fudgeField>
      <fudgeField type="date">1977-12-27</fudgeField>
      <fudgeField type="date">1978-01-02</fudgeField>
      <fudgeField type="date">1978-03-24</fudgeField>
      <fudgeField type="date">1978-03-27</fudgeField>
      <fudgeField type="date">1978-05-01</fudgeField>
      <fudgeField type="date">1978-05-29</fudgeField>
      <fudgeField type="date">1978-08-28</fudgeField>
      <fudgeField type="date">1978-12-25</fudgeField>
      <fudgeField type="date">1978-12-26</fudgeField>
      <fudgeField type="date">1979-01-01</fudgeField>
      <fudgeField type="date">1979-04-13</fudgeField>
      <fudgeField type="date">1979-04-16</fudgeField>
      <fudgeField type="date">1979-05-07</fudgeField>
      <fudgeField type="date">1979-05-28</fudgeField>
      <fudgeField type="date">1979-08-27</fudgeField>
      <fudgeField type="date">1979-12-25</fudgeField>
      <fudgeField type="date">1979-12-26</fudgeField>
      <fudgeField type="date">1980-01-01</fudgeField>
      <fudgeField type="date">1980-04-04</fudgeField>
      <fudgeField type="date">1980-04-07</fudgeField>
      <fudgeField type="date">1980-05-05</fudgeField>
      <fudgeField type="date">1980-05-26</fudgeField>
      <fudgeField type="date">1980-08-25</fudgeField>
      <fudgeField type="date">1980-12-25</fudgeField>
      <fudgeField type="date">1980-12-26</fudgeField>
      <fudgeField type="date">1981-01-01</fudgeField>
      <fudgeField type="date">1981-04-17</fudgeField>
      <fudgeField type="date">1981-04-20</fudgeField>
      <fudgeField type="date">1981-05-04</fudgeField>
      <fudgeField type="date">1981-05-25</fudgeField>
      <fudgeField type="date">1981-07-29</fudgeField>
      <fudgeField type="date">1981-08-31</fudgeField>
      <fudgeField type="date">1981-12-25</fudgeField>
      <fudgeField type="date">1981-12-28</fudgeField>
      <fudgeField type="date">1982-01-01</fudgeField>
      <fudgeField type="date">1982-04-09</fudgeField>
      <fudgeField type="date">1982-04-12</fudgeField>
      <fudgeField type="date">1982-05-03</fudgeField>
      <fudgeField type="date">1982-05-31</fudgeField>
      <fudgeField type="date">1982-08-30</fudgeField>
      <fudgeField type="date">1982-12-27</fudgeField>
      <fudgeField type="date">1982-12-28</fudgeField>
      <fudgeField type="date">1983-01-03</fudgeField>
      <fudgeField type="date">1983-04-01</fudgeField>
      <fudgeField type="date">1983-04-04</fudgeField>
      <fudgeField type="date">1983-05-02</fudgeField>
      <fudgeField type="date">1983-05-30</fudgeField>
      <fudgeField type="date">1983-08-29</fudgeField>
      <fudgeField type="date">1983-12-26</fudgeField>
      <fudgeField type="date">1983-12-27</fudgeField>
      <fudgeField type="date">1984-01-02</fudgeField>
      <fudgeField type="date">1984-04-20</fudgeField>
      <fudgeField type="date">1984-04-23</fudgeField>
      <fudgeField type="date">1984-05-07</fudgeField>
      <fudgeField type="date">1984-05-28</fudgeField>
      <fudgeField type="date">1984-08-27</fudgeField>
      <fudgeField type="date">1984-12-25</fudgeField>
      <fudgeField type="date">1984-12-26</fudgeField>
      <fudgeField type="date">1985-01-01</fudgeField>
      <fudgeField type="date">1985-04-05</fudgeField>
      <fudgeField type="date">1985-04-08</fudgeField>
      <fudgeField type="date">1985-05-06</fudgeField>
      <fudgeField type="date">1985-05-27</fudgeField>
      <fudgeField type="date">1985-08-26</fudgeField>
      <fudgeField type="date">1985-12-25</fudgeField>
      <fudgeField type="date">1985-12-26</fudgeField>
      <fudgeField type="date">1986-01-01</fudgeField>
      <fudgeField type="date">1986-03-28</fudgeField>
      <fudgeField type="date">1986-03-31</fudgeField>
      <fudgeField type="date">1986-05-05</fudgeField>
      <fudgeField type="date">1986-05-26</fudgeField>
      <fudgeField type="date">1986-08-25</fudgeField>
      <fudgeField type="date">1986-12-25</fudgeField>
      <fudgeField type="date">1986-12-26</fudgeField>
      <fudgeField type="date">1987-01-01</fudgeField>
      <fudgeField type="date">1987-04-17</fudgeField>
      <fudgeField type="date">1987-04-20</fudgeField>
      <fudgeField type="date">1987-05-04</fudgeField>
      <fudgeField type="date">1987-05-25</fudgeField>
      <fudgeField type="date">1987-08-31</fudgeField>
      <fudgeField type="date">1987-12-25</fudgeField>
      <fudgeField type="date">1987-12-28</fudgeField>
      <fudgeField type="date">1988-01-01</fudgeField>
      <fudgeField type="date">1988-04-01</fudgeField>
      <fudgeField type="date">1988-04-04</fudgeField>
      <fudgeField type="date">1988-05-02</fudgeField>
      <fudgeField type="date">1988-05-30</fudgeField>
      <fudgeField type="date">1988-08-29</fudgeField>
      <fudgeField type="date">1988-12-26</fudgeField>
      <fudgeField type="date">1988-12-27</fudgeField>
      <fudgeField type="date">1989-01-02</fudgeField>
      <fudgeField type="date">1989-03-24</fudgeField>
      <fudgeField type="date">1989-03-27</fudgeField>
      <fudgeField type="date">1989-05-01</fudgeField>
      <fudgeField type="date">1989-05-29</fudgeField>
      <fudgeField type="date">1989-08-28</fudgeField>
      <fudgeField type="date">1989-12-25</fudgeField>
      <fudgeField type="date">1989-12-26</fudgeField>
      <fudgeField type="date">1990-01-01</fudgeField>
      <fudgeField type="date">1990-04-13</fudgeField>
      <fudgeField type="date">1990-04-16</fudgeField>
      <fudgeField type="date">1990-05-07</fudgeField>
      <fudgeField type="date">1990-05-28</fudgeField>
      <fudgeField type="date">1990-08-27</fudgeField>
      <fudgeField type="date">1990-12-25</fudgeField>
      <fudgeField type="date">1990-12-26</fudgeField>
      <fudgeField type="date">1991-01-01</fudgeField>
      <fudgeField type="date">1991-03-29</fudgeField>
      <fudgeField type="date">1991-04-01</fudgeField>
      <fudgeField type="date">1991-05-06</fudgeField>
      <fudgeField type="date">1991-05-27</fudgeField>
      <fudgeField type="date">1991-08-26</fudgeField>
      <fudgeField type="date">1991-12-25</fudgeField>
      <fudgeField type="date">1991-12-26</fudgeField>
      <fudgeField type="date">1992-01-01</fudgeField>
      <fudgeField type="date">1992-04-17</fudgeField>
      <fudgeField type="date">1992-04-20</fudgeField>
      <fudgeField type="date">1992-05-04</fudgeField>
      <fudgeField type="date">1992-05-25</fudgeField>
      <fudgeField type="date">1992-08-31</fudgeField>
      <fudgeField type="date">1992-12-25</fudgeField>
      <fudgeField type="date">1992-12-28</fudgeField>
      <fudgeField type="date">1993-01-01</fudgeField>
      <fudgeField type="date">1993-04-09</fudgeField>
      <fudgeField type="date">1993-04-12</fudgeField>
      <fudgeField type="date">1993-05-03</fudgeField>
      <fudgeField type="date">1993-05-31</fudgeField>
      <fudgeField type="date">1993-08-30</fudgeField>
      <fudgeField type="date">1993-12-27</fudgeField>
      <fudgeField type="date">1993-12-28</fudgeField>
      <fudgeField type="date">1994-01-03</fudgeField>
      <fudgeField type="date">1994-04-01</fudgeField>
      <fudgeField type="date">1994-04-04</fudgeField>
      <fudgeField type="date">1994-05-02</fudgeField>
      <fudgeField type="date">1994-05-30</fudgeField>
      <fudgeField type="date">1994-08-29</fudgeField>
      <fudgeField type="date">1994-12-26</fudgeField>
      <fudgeField type="date">1994-12-27</fudgeField>
      <fudgeField type="date">1995-01-02</fudgeField>
      <fudgeField type="date">1995-04-14</fudgeField>
      <fudgeField type="date">1995-04-17</fudgeField>
      <fudgeField type="date">1995-05-08</fudgeField>
      <fudgeField type="date">1995-05-29</fudgeField>
      <fudgeField type="date">1995-08-28</fudgeField>
      <fudgeField type="date">1995-12-25</fudgeField>
      <fudgeField type="date">1995-12-26</fudgeField>
      <fudgeField type="date">1996-01-01</fudgeField>
      <fudgeField type="date">1996-04-05</fudgeField>
      <fudgeField type="date">1996-04-08</fudgeField>
      <fudgeField type="date">1996-05-06</fudgeField>
      <fudgeField type="date">1996-05-27</fudgeField>
      <fudgeField type="date">1996-08-26</fudgeField>
      <fudgeField type="date">1996-12-25</fudgeField>
      <fudgeField type="date">1996-12-26</fudgeField>
      <fudgeField type="date">1997-01-01</fudgeField>
      <fudgeField type="date">1997-03-28</fudgeField>
      <fudgeField type="date">1997-03-31</fudgeField>
      <fudgeField type="date">1997-05-05</fudgeField>
      <fudgeField type="date">1997-05-26</fudgeField>
      <fudgeField type="date">1997-08-25</fudgeField>
      <fudgeField type="date">1997-12-25</fudgeField>
      <fudgeField type="date">1997-12-26</fudgeField>
      <fudgeField type="date">1998-01-01</fudgeField>
      <fudgeField type="date">1998-04-10</fudgeField>
      <fudgeField type="date">1998-04-13</fudgeField>
      <fudgeField type="date">1998-05-04</fudgeField>
      <fudgeField type="date">1998-05-25</fudgeField>
      <fudgeField type="date">1998-08-31</fudgeField>
      <fudgeField type="date">1998-12-25</fudgeField>
      <fudgeField type="date">1998-12-28</fudgeField>
      <fudgeField type="date">1999-01-01</fudgeField>
      <fudgeField type="date">1999-04-02</fudgeField>
      <fudgeField type="date">1999-04-05</fudgeField>
      <fudgeField type="date">1999-05-03</fudgeField>
      <fudgeField type="date">1999-05-31</fudgeField>
      <fudgeField type="date">1999-08-30</fudgeField>
      <fudgeField type="date">1999-12-27</fudgeField>
      <fudgeField type="date">1999-12-28</fudgeField>
      <fudgeField type="date">2000-01-03</fudgeField>
      <fudgeField type="date">2000-04-21</fudgeField>
      <fudgeField type="date">2000-04-24</fudgeField>
      <fudgeField type="date">2000-05-01</fudgeField>
      <fudgeField type="date">2000-05-29</fudgeField>
      <fudgeField type="date">2000-08-28</fudgeField>
      <fudgeField type="date">2000-12-25</fudgeField>
      <fudgeField type="date">2000-12-26</fudgeField>
      <fudgeField type="date">2001-01-01</fudgeField>
      <fudgeField type="date">2001-04-13</fudgeField>
      <fudgeField type="date">2001-04-16</fudgeField>
      <fudgeField type="date">2001-05-07</fudgeField>
      <fudgeField type="date">2001-05-28</fudgeField>
      <fudgeField type="date">2001-08-27</fudgeField>
      <fudgeField type="date">2001-12-25</fudgeField>
      <fudgeField type="date">2001-12-26</fudgeField>
      <fudgeField type="date">2002-01-01</fudgeField>
      <fudgeField type="date">2002-03-29</fudgeField>
      <fudgeField type="date">2002-04-01</fudgeField>
      <fudgeField type="date">2002-05-06</fudgeField>
      <fudgeField type="date">2002-06-03</fudgeField>
      <fudgeField type="date">2002-06-04</fudgeField>
      <fudgeField type="date">2002-08-26</fudgeField>
      <fudgeField type="date">2002-12-25</fudgeField>
      <fudgeField type="date">2002-12-26</fudgeField>
      <fudgeField type="date">2003-01-01</fudgeField>
      <fudgeField type="date">2003-04-18</fudgeField>
      <fudgeField type="date">2003-04-21</fudgeField>
      <fudgeField type="date">2003-05-05</fudgeField>
      <fudgeField type="date">2003-05-26</fudgeField>
      <fudgeField type="date">2003-08-25</fudgeField>
      <fudgeField type="date">2003-12-25</fudgeField>
      <fudgeField type="date">2003-12-26</fudgeField>
      <fudgeField type="date">2004-01-01</fudgeField>
      <fudgeField type="date">2004-04-09</fudgeField>
      <fudgeField type="date">2004-04-12</fudgeField>
      <fudgeField type="date">2004-05-03</fudgeField>
      <fudgeField type="date">2004-05-31</fudgeField>
      <fudgeField type="date">2004-08-30</fudgeField>
      <fudgeField type="date">2004-12-27</fudgeField>
      <fudgeField type="date">2004-12-28</fudgeField>
      <fudgeField type="date">2005-01-03</fudgeField>
      <fudgeField type="date">2005-03-25</fudgeField>
      <fudgeField type="date">2005-03-28</fudgeField>
      <fudgeField type="date">2005-05-02</fudgeField>
      <fudgeField type="date">2005-05-30</fudgeField>
      <fudgeField type="date">2005-08-29</fudgeField>
      <fudgeField type="date">2005-12-26</fudgeField>
      <fudgeField type="date">2005-12-27</fudgeField>
      <fudgeField type="date">2006-01-02</fudgeField>
      <fudgeField type="date">2006-04-14</fudgeField>
      <fudgeField type="date">2006-04-17</fudgeField>
      <fudgeField type="date">2006-05-01</fudgeField>
      <fudgeField type="date">2006-05-29</fudgeField>
      <fudgeField type="date">2006-08-28</fudgeField>
      <fudgeField type="date">2006-12-25</fudgeField>
      <fudgeField type="date">2006-12-26</fudgeField>
      <fudgeField type="date">2007-01-01</fudgeField>
      <fudgeField type="date">2007-04-06</fudgeField>
      <fudgeField type="date">2007-04-09</fudgeField>
      <fudgeField type="date">2007-05-07</fudgeField>
      <fudgeField type="date">2007-05-28</fudgeField>
      <fudgeField type="date">2007-08-27</fudgeField>
      <fudgeField type="date">2007-12-25</fudgeField>
      <fudgeField type="date">2007-12-26</fudgeField>
      <fudgeField type="date">2008-01-01</fudgeField>
      <fudgeField type="date">2008-03-21</fudgeField>
      <fudgeField type="date">2008-03-24</fudgeField>
      <fudgeField type="date">2008-05-05</fudgeField>
      <fudgeField type="date">2008-05-26</fudgeField>
      <fudgeField type="date">2008-08-25</fudgeField>
      <fudgeField type="date">2008-12-25</fudgeField>
      <fudgeField type="date">2008-12-26</fudgeField>
      <fudgeField type="date">2009-01-01</fudgeField>
      <fudgeField type="date">2009-04-10</fudgeField>
      <fudgeField type="date">2009-04-13</fudgeField>
      <fudgeField type="date">2009-05-04</fudgeField>
      <fudgeField type="date">2009-05-25</fudgeField>
      <fudgeField type="date">2009-08-31</fudgeField>
      <fudgeField type="date">2009-12-25</fudgeField>
      <fudgeField type="date">2009-12-28</fudgeField>
      <fudgeField type="date">2010-01-01</fudgeField>
      <fudgeField type="date">2010-04-02</fudgeField>
      <fudgeField type="date">2010-04-05</fudgeField>
      <fudgeField type="date">2010-05-03</fudgeField>
      <fudgeField type="date">2010-05-31</fudgeField>
      <fudgeField type="date">2010-08-30</fudgeField>
      <fudgeField type="date">2010-12-27</fudgeField>
      <fudgeField type="date">2010-12-28</fudgeField>
      <fudgeField type="date">2011-01-03</fudgeField>
      <fudgeField type="date">2011-04-22</fudgeField>
      <fudgeField type="date">2011-04-25</fudgeField>
      <fudgeField type="date">2011-04-29</fudgeField>
      <fudgeField type="date">2011-05-02</fudgeField>
      <fudgeField type="date">2011-05-30</fudgeField>
      <fudgeField type="date">2011-08-29</fudgeField>
      <fudgeField type="date">2011-12-26</fudgeField>
      <fudgeField type="date">2011-12-27</fudgeField>
      <fudgeField type="date">2012-01-02</fudgeField>
      <fudgeField type="date">2012-04-06</fudgeField>
      <fudgeField type="date">2012-04-09</fudgeField>
      <fudgeField type="date">2012-05-07</fudgeField>
      <fudgeField type="date">2012-06-04</fudgeField>
      <fudgeField type="date">2012-06-05</fudgeField>
      <fudgeField type="date">2012-08-27</fudgeField>
      <fudgeField type="date">2012-12-25</fudgeField>
      <fudgeField type="date">2012-12-26</fudgeField>
      <fudgeField type="date">2013-01-01</fudgeField>
      <fudgeField type="date">2013-03-29</fudgeField>
      <fudgeField type="date">2013-04-01</fudgeField>
      <fudgeField type="date">2013-05-06</fudgeField>
      <fudgeField type="date">2013-05-27</fudgeField>
      <fudgeField type="date">2013-08-26</fudgeField>
      <fudgeField type="date">2013-12-25</fudgeField>
      <fudgeField type="date">2013-12-26</fudgeField>
      <fudgeField type="date">2014-01-01</fudgeField>
      <fudgeField type="date">2014-04-18</fudgeField>
      <fudgeField type="date">2014-04-21</fudgeField>
      <fudgeField type="date">2014-05-05</fudgeField>
      <fudgeField type="date">2014-05-26</fudgeField>
      <fudgeField type="date">2014-08-25</fudgeField>
      <fudgeField type="date">2014-12-25</fudgeField>
      <fudgeField type="date">2014-12-26</fudgeField>
      <fudgeField type="date">2015-01-01</fudgeField>
      <fudgeField type="date">2015-04-03</fudgeField>
      <fudgeField type="date">2015-04-06</fudgeField>
      <fudgeField type="date">2015-05-04</fudgeField>
      <fudgeField type="date">2015-05-25</fudgeField>
      <fudgeField type="date">2015-08-31</fudgeField>
      <fudgeField type="date">2015-12-25</fudgeField>
      <fudgeField type="date">2015-12-28</fudgeField>
      <fudgeField type="date">2016-01-01</fudgeField>
      <fudgeField type="date">2016-03-25</fudgeField>
      <fudgeField type="date">2016-03-28</fudgeField>
      <fudgeField type="date">2016-05-02</fudgeField>
      <fudgeField type="date">2016-05-30</fudgeField>
      <fudgeField type="date">2016-08-29</fudgeField>
      <fudgeField type="date">2016-12-26</fudgeField>
      <fudgeField type="date">2016-12-27</fudgeField>
      <fudgeField type="date">2017-01-02</fudgeField>
      <fudgeField type="date">2017-04-14</fudgeField>
      <fudgeField type="date">2017-04-17</fudgeField>
      <fudgeField type="date">2017-05-01</fudgeField>
      <fudgeField type="date">2017-05-29</fudgeField>
      <fudgeField type="date">2017-08-28</fudgeField>
      <fudgeField type="date">2017-12-25</fudgeField>
      <fudgeField type="date">2017-12-26</fudgeField>
      <fudgeField type="date">2018-01-01</fudgeField>
      <fudgeField type="date">2018-03-30</fudgeField>
      <fudgeField type="date">2018-04-02</fudgeField>
      <fudgeField type="date">2018-05-07</fudgeField>
      <fudgeField type="date">2018-05-28</fudgeField>
      <fudgeField type="date">2018-08-27</fudgeField>
      <fudgeField type="date">2018-12-25</fudgeField>
      <fudgeField type="date">2018-12-26</fudgeField>
      <fudgeField type="date">2019-01-01</fudgeField>
      <fudgeField type="date">2019-04-19</fudgeField>
      <fudgeField type="date">2019-04-22</fudgeField>
      <fudgeField type="date">2019-05-06</fudgeField>
      <fudgeField type="date">2019-05-27</fudgeField>
      <fudgeField type="date">2019-08-26</fudgeField>
      <fudgeField type="date">2019-12-25</fudgeField>
      <fudgeField type="date">2019-12-26</fudgeField>
      <fudgeField type="date">2020-01-01</fudgeField>
      <fudgeField type="date">2020-04-10</fudgeField>
      <fudgeField type="date">2020-04-13</fudgeField>
      <fudgeField type="date">2020-05-04</fudgeField>
      <fudgeField type="date">2020-05-25</fudgeField>
      <fudgeField type="date">2020-08-31</fudgeField>
      <fudgeField type="date">2020-12-25</fudgeField>
      <fudgeField type="date">2020-12-28</fudgeField>
      <fudgeField type="date">2021-01-01</fudgeField>
      <fudgeField type="date">2021-04-02</fudgeField>
      <fudgeField type="date">2021-04-05</fudgeField>
      <fudgeField type="date">2021-05-03</fudgeField>
      <fudgeField type="date">2021-05-31</fudgeField>
      <fudgeField type="date">2021-08-30</fudgeField>
      <fudgeField type="date">2021-12-27</fudgeField>
      <fudgeField type="date">2021-12-28</fudgeField>
      <fudgeField type="date">2022-01-03</fudgeField>
      <fudgeField type="date">2022-04-15</fudgeField>
      <fudgeField type="date">2022-04-18</fudgeField>
      <fudgeField type="date">2022-05-02</fudgeField>
      <fudgeField type="date">2022-05-30</fudgeField>
      <fudgeField type="date">2022-08-29</fudgeField>
      <fudgeField type="date">2022-12-26</fudgeField>
      <fudgeField type="date">2022-12-27</fudgeField>
      <fudgeField type="date">2023-01-02</fudgeField>
      <fudgeField type="date">2023-04-07</fudgeField>
      <fudgeField type="date">2023-04-10</fudgeField>
      <fudgeField type="date">2023-05-01</fudgeField>
      <fudgeField type="date">2023-05-29</fudgeField>
      <fudgeField type="date">2023-08-28</fudgeField>
      <fudgeField type="date">2023-12-25</fudgeField>
      <fudgeField type="date">2023-12-26</fudgeField>
      <fudgeField type="date">2024-01-01</fudgeField>
      <fudgeField type="date">2024-03-29</fudgeField>
      <fudgeField type="date">2024-04-01</fudgeField>
      <fudgeField type="date">2024-05-06</fudgeField>
      <fudgeField type="date">2024-05-27</fudgeField>
      <fudgeField type="date">2024-08-26</fudgeField>
      <fudgeField type="date">2024-12-25</fudgeField>
      <fudgeField type="date">2024-12-26</fudgeField>
      <fudgeField type="date">2025-01-01</fudgeField>
      <fudgeField type="date">2025-04-18</fudgeField>
      <fudgeField type="date">2025-04-21</fudgeField>
      <fudgeField type="date">2025-05-05</fudgeField>
      <fudgeField type="date">2025-05-26</fudgeField>
      <fudgeField type="date">2025-08-25</fudgeField>
      <fudgeField type="date">2025-12-25</fudgeField>
      <fudgeField type="date">2025-12-26</fudgeField>
      <fudgeField type="date">2026-01-01</fudgeField>
      <fudgeField type="date">2026-04-03</fudgeField>
      <fudgeField type="date">2026-04-06</fudgeField>
      <fudgeField type="date">2026-05-04</fudgeField>
      <fudgeField type="date">2026-05-25</fudgeField>
      <fudgeField type="date">2026-08-31</fudgeField>
      <fudgeField type="date">2026-12-25</fudgeField>
      <fudgeField type="date">2026-12-28</fudgeField>
      <fudgeField type="date">2027-01-01</fudgeField>
      <fudgeField type="date">2027-03-26</fudgeField>
      <fudgeField type="date">2027-03-29</fudgeField>
      <fudgeField type="date">2027-05-03</fudgeField>
      <fudgeField type="date">2027-05-31</fudgeField>
      <fudgeField type="date">2027-08-30</fudgeField>
      <fudgeField type="date">2027-12-27</fudgeField>
      <fudgeField type="date">2027-12-28</fudgeField>
      <fudgeField type="date">2028-01-03</fudgeField>
      <fudgeField type="date">2028-04-14</fudgeField>
      <fudgeField type="date">2028-04-17</fudgeField>
      <fudgeField type="date">2028-05-01</fudgeField>
      <fudgeField type="date">2028-05-29</fudgeField>
      <fudgeField type="date">2028-08-28</fudgeField>
      <fudgeField type="date">2028-12-25</fudgeField>
      <fudgeField type="date">2028-12-26</fudgeField>
      <fudgeField type="date">2029-01-01</fudgeField>
      <fudgeField type="date">2029-03-30</fudgeField>
      <fudgeField type="date">2029-04-02</fudgeField>
      <fudgeField type="date">2029-05-07</fudgeField>
      <fudgeField type="date">2029-05-28</fudgeField>
      <fudgeField type="date">2029-08-27</fudgeField>
      <fudgeField type="date">2029-12-25</fudgeField>
      <fudgeField type="date">2029-12-26</fudgeField>
      <fudgeField type="date">2030-01-01</fudgeField>
      <fudgeField type="date">2030-04-19</fudgeField>
      <fudgeField type="date">2030-04-22</fudgeField>
      <fudgeField type="date">2030-05-06</fudgeField>
      <fudgeField type="date">2030-05-27</fudgeField>
      <fudgeField type="date">2030-08-26</fudgeField>
      <fudgeField type="date">2030-12-25</fudgeField>
      <fudgeField type="date">2030-12-26</fudgeField>
      <fudgeField type="date">2031-01-01</fudgeField>
      <fudgeField type="date">2031-04-11</fudgeField>
      <fudgeField type="date">2031-04-14</fudgeField>
      <fudgeField type="date">2031-05-05</fudgeField>
      <fudgeField type="date">2031-05-26</fudgeField>
      <fudgeField type="date">2031-08-25</fudgeField>
      <fudgeField type="date">2031-12-25</fudgeField>
      <fudgeField type="date">2031-12-26</fudgeField>
      <fudgeField type="date">2032-01-01</fudgeField>
      <fudgeField type="date">2032-03-26</fudgeField>
      <fudgeField type="date">2032-03-29</fudgeField>
      <fudgeField type="date">2032-05-03</fudgeField>
      <fudgeField type="date">2032-05-31</fudgeField>
      <fudgeField type="date">2032-08-30</fudgeField>
      <fudgeField type="date">2032-12-27</fudgeField>
      <fudgeField type="date">2032-12-28</fudgeField>
      <fudgeField type="date">2033-01-03</fudgeField>
      <fudgeField type="date">2033-04-15</fudgeField>
      <fudgeField type="date">2033-04-18</fudgeField>
      <fudgeField type="date">2033-05-02</fudgeField>
      <fudgeField type="date">2033-05-30</fudgeField>
      <fudgeField type="date">2033-08-29</fudgeField>
      <fudgeField type="date">2033-12-26</fudgeField>
      <fudgeField type="date">2033-12-27</fudgeField>
      <fudgeField type="date">2034-01-02</fudgeField>
      <fudgeField type="date">2034-04-07</fudgeField>
      <fudgeField type="date">2034-04-10</fudgeField>
      <fudgeField type="date">2034-05-01</fudgeField>
      <fudgeField type="date">2034-05-29</fudgeField>
      <fudgeField type="date">2034-08-28</fudgeField>
      <fudgeField type="date">2034-12-25</fudgeField>
      <fudgeField type="date">2034-12-26</fudgeField>
      <fudgeField type="date">2035-01-01</fudgeField>
      <fudgeField type="date">2035-03-23</fudgeField>
      <fudgeField type="date">2035-03-26</fudgeField>
      <fudgeField type="date">2035-05-07</fudgeField>
      <fudgeField type="date">2035-05-28</fudgeField>
      <fudgeField type="date">2035-08-27</fudgeField>
      <fudgeField type="date">2035-12-25</fudgeField>
      <fudgeField type="date">2035-12-26</fudgeField>
      <fudgeField type="date">2036-01-01</fudgeField>
      <fudgeField type="date">2036-04-11</fudgeField>
      <fudgeField type="date">2036-04-14</fudgeField>
      <fudgeField type="date">2036-05-05</fudgeField>
      <fudgeField type="date">2036-05-26</fudgeField>
      <fudgeField type="date">2036-08-25</fudgeField>
      <fudgeField type="date">2036-12-25</fudgeField>
      <fudgeField type="date">2036-12-26</fudgeField>
      <fudgeField type="date">2037-01-01</fudgeField>
      <fudgeField type="date">2037-04-03</fudgeField>
      <fudgeField type="date">2037-04-06</fudgeField>
      <fudgeField type="date">2037-05-04</fudgeField>
      <fudgeField type="date">2037-05-25</fudgeField>
      <fudgeField type="date">2037-08-31</fudgeField>
      <fudgeField type="date">2037-12-25</fudgeField>
      <fudgeField type="date">2037-12-28</fudgeField>
      <fudgeField type="date">2038-01-01</fudgeField>
      <fudgeField type="date">2038-04-23</fudgeField>
      <fudgeField type="date">2038-04-26</fudgeField>
      <fudgeField type="date">2038-05-03</fudgeField>
      <fudgeField type="date">2038-05-31</fudgeField>
      <fudgeField type="date">2038-08-30</fudgeField>
      <fudgeField type="date">2038-12-27</fudgeField>
      <fudgeField type="date">2038-12-28</fudgeField>
      <fudgeField type="date">2039-01-03</fudgeField>
      <fudgeField type="date">2039-04-08</fudgeField>
      <fudgeField type="date">2039-04-11</fudgeField>
      <fudgeField type="date">2039-05-02</fudgeField>
      <fudgeField type="date">2039-05-30</fudgeField>
      <fudgeField type="date">2039-08-29</fudgeField>
      <fudgeField type="date">2039-12-26</fudgeField>
      <fudgeField type="date">2039-12-27</fudgeField>
      <fudgeField type="date">2040-01-02</fudgeField>
      <fudgeField type="date">2040-03-30</fudgeField>
      <fudgeField type="date">2040-04-02</fudgeField>
      <fudgeField type="date">2040-05-07</fudgeField>
      <fudgeField type="date">2040-05-28</fudgeField>
      <fudgeField type="date">2040-08-27</fudgeField>
      <fudgeField type="date">2040-12-25</fudgeField>
      <fudgeField type="date">2040-12-26</fudgeField>
      <fudgeField type="date">2041-01-01</fudgeField>
      <fudgeField type="date">2041-04-19</fudgeField>
      <fudgeField type="date">2041-04-22</fudgeField>
      <fudgeField type="date">2041-05-06</fudgeField>
      <fudgeField type="date">2041-05-27</fudgeField>
      <fudgeField type="date">2041-08-26</fudgeField>
      <fudgeField type="date">2041-12-25</fudgeField>
      <fudgeField type="date">2041-12-26</fudgeField>
      <fudgeField type="date">2042-01-01</fudgeField>
      <fudgeField type="date">2042-04-04</fudgeField>
      <fudgeField type="date">2042-04-07</fudgeField>
      <fudgeField type="date">2042-05-05</fudgeField>
      <fudgeField type="date">2042-05-26</fudgeField>
      <fudgeField type="date">2042-08-25</fudgeField>
      <fudgeField type="date">2042-12-25</fudgeField>
      <fudgeField type="date">2042-12-26</fudgeField>
      <fudgeField type="date">2043-01-01</fudgeField>
      <fudgeField type="date">2043-03-27</fudgeField>
      <fudgeField type="date">2043-03-30</fudgeField>
      <fudgeField type="date">2043-05-04</fudgeField>
      <fudgeField type="date">2043-05-25</fudgeField>
      <fudgeField type="date">2043-08-31</fudgeField>
      <fudgeField type="date">2043-12-25</fudgeField>
      <fudgeField type="date">2043-12-28</fudgeField>
   </holidayDates>
   <fudgeField0 ordinal="0" type="string">com.opengamma.master.holiday.ManageableHoliday</fudgeField0>
   <fudgeField0 ordinal="0" type="string">org.joda.beans.impl.direct.DirectBean</fudgeField0>
</fudgeEnvelope>
