<?xml version="1.0" encoding="UTF-8"?>
<fudgeEnvelope>
   <type type="string">com.opengamma.financial.analytics.curve.CurveNodeIdMapper</type>
   <name type="string">GBP-USD-LIBOR3M-LIBOR3M-BBG</name>
   <uniqueId type="string">MemCfg~19~19</uniqueId>
   <value type="message">
      <fudgeField0 ordinal="0" type="string">com.opengamma.financial.analytics.curve.CurveNodeIdMapper</fudgeField0>
      <name type="string">GBP-USD-LIBOR3M-LIBOR3M-BBG</name>
      <swapIds type="message">
         <P1Y type="message">
            <fudgeField0 ordinal="0" type="string">com.opengamma.financial.analytics.ircurve.StaticCurveInstrumentProvider</fudgeField0>
            <instrument type="string">BLOOMBERG_TICKER~BPBS1 Curncy</instrument>
            <dataField type="string">Market_Value</dataField>
            <typeField type="string">OUTRIGHT</typeField>
         </P1Y>
         <P2Y type="message">
            <fudgeField0 ordinal="0" type="string">com.opengamma.financial.analytics.ircurve.StaticCurveInstrumentProvider</fudgeField0>
            <instrument type="string">BLOOMBERG_TICKER~BPBS2 Curncy</instrument>
            <dataField type="string">Market_Value</dataField>
            <typeField type="string">OUTRIGHT</typeField>
         </P2Y>
         <P3Y type="message">
            <fudgeField0 ordinal="0" type="string">com.opengamma.financial.analytics.ircurve.StaticCurveInstrumentProvider</fudgeField0>
            <instrument type="string">BLOOMBERG_TICKER~BPBS3 Curncy</instrument>
            <dataField type="string">Market_Value</dataField>
            <typeField type="string">OUTRIGHT</typeField>
         </P3Y>
         <P4Y type="message">
            <fudgeField0 ordinal="0" type="string">com.opengamma.financial.analytics.ircurve.StaticCurveInstrumentProvider</fudgeField0>
            <instrument type="string">BLOOMBERG_TICKER~BPBS4 Curncy</instrument>
            <dataField type="string">Market_Value</dataField>
            <typeField type="string">OUTRIGHT</typeField>
         </P4Y>
         <P5Y type="message">
            <fudgeField0 ordinal="0" type="string">com.opengamma.financial.analytics.ircurve.StaticCurveInstrumentProvider</fudgeField0>
            <instrument type="string">BLOOMBERG_TICKER~BPBS5 Curncy</instrument>
            <dataField type="string">Market_Value</dataField>
            <typeField type="string">OUTRIGHT</typeField>
         </P5Y>
         <P6Y type="message">
            <fudgeField0 ordinal="0" type="string">com.opengamma.financial.analytics.ircurve.StaticCurveInstrumentProvider</fudgeField0>
            <instrument type="string">BLOOMBERG_TICKER~BPBS6 Curncy</instrument>
            <dataField type="string">Market_Value</dataField>
            <typeField type="string">OUTRIGHT</typeField>
         </P6Y>
         <P7Y type="message">
            <fudgeField0 ordinal="0" type="string">com.opengamma.financial.analytics.ircurve.StaticCurveInstrumentProvider</fudgeField0>
            <instrument type="string">BLOOMBERG_TICKER~BPBS7 Curncy</instrument>
            <dataField type="string">Market_Value</dataField>
            <typeField type="string">OUTRIGHT</typeField>
         </P7Y>
         <P8Y type="message">
            <fudgeField0 ordinal="0" type="string">com.opengamma.financial.analytics.ircurve.StaticCurveInstrumentProvider</fudgeField0>
            <instrument type="string">BLOOMBERG_TICKER~BPBS8 Curncy</instrument>
            <dataField type="string">Market_Value</dataField>
            <typeField type="string">OUTRIGHT</typeField>
         </P8Y>
         <P9Y type="message">
            <fudgeField0 ordinal="0" type="string">com.opengamma.financial.analytics.ircurve.StaticCurveInstrumentProvider</fudgeField0>
            <instrument type="string">BLOOMBERG_TICKER~BPBS9 Curncy</instrument>
            <dataField type="string">Market_Value</dataField>
            <typeField type="string">OUTRIGHT</typeField>
         </P9Y>
         <P10Y type="message">
            <fudgeField0 ordinal="0" type="string">com.opengamma.financial.analytics.ircurve.StaticCurveInstrumentProvider</fudgeField0>
            <instrument type="string">BLOOMBERG_TICKER~BPBS10 Curncy</instrument>
            <dataField type="string">Market_Value</dataField>
            <typeField type="string">OUTRIGHT</typeField>
         </P10Y>
         <P12Y type="message">
            <fudgeField0 ordinal="0" type="string">com.opengamma.financial.analytics.ircurve.StaticCurveInstrumentProvider</fudgeField0>
            <instrument type="string">BLOOMBERG_TICKER~BPBS12 Curncy</instrument>
            <dataField type="string">Market_Value</dataField>
            <typeField type="string">OUTRIGHT</typeField>
         </P12Y>
         <P15Y type="message">
            <fudgeField0 ordinal="0" type="string">com.opengamma.financial.analytics.ircurve.StaticCurveInstrumentProvider</fudgeField0>
            <instrument type="string">BLOOMBERG_TICKER~BPBS15 Curncy</instrument>
            <dataField type="string">Market_Value</dataField>
            <typeField type="string">OUTRIGHT</typeField>
         </P15Y>
         <P20Y type="message">
            <fudgeField0 ordinal="0" type="string">com.opengamma.financial.analytics.ircurve.StaticCurveInstrumentProvider</fudgeField0>
            <instrument type="string">BLOOMBERG_TICKER~BPBS20 Curncy</instrument>
            <dataField type="string">Market_Value</dataField>
            <typeField type="string">OUTRIGHT</typeField>
         </P20Y>
         <P25Y type="message">
            <fudgeField0 ordinal="0" type="string">com.opengamma.financial.analytics.ircurve.StaticCurveInstrumentProvider</fudgeField0>
            <instrument type="string">BLOOMBERG_TICKER~BPBS25 Curncy</instrument>
            <dataField type="string">Market_Value</dataField>
            <typeField type="string">OUTRIGHT</typeField>
         </P25Y>
         <P30Y type="message">
            <fudgeField0 ordinal="0" type="string">com.opengamma.financial.analytics.ircurve.StaticCurveInstrumentProvider</fudgeField0>
            <instrument type="string">BLOOMBERG_TICKER~BPBS30 Curncy</instrument>
            <dataField type="string">Market_Value</dataField>
            <typeField type="string">OUTRIGHT</typeField>
         </P30Y>
      </swapIds>
   </value>
   <fudgeField0 ordinal="0" type="string">com.opengamma.core.config.impl.ConfigItem</fudgeField0>
   <fudgeField0 ordinal="0" type="string">org.joda.beans.impl.direct.DirectBean</fudgeField0>
</fudgeEnvelope>
