<?xml version="1.0" encoding="UTF-8"?>
<fudgeEnvelope>
   <type type="string">com.opengamma.financial.analytics.curve.InterpolatedCurveDefinition</type>
   <name type="string">USD-FRAL3M-IRSL3M-LIN</name>
   <uniqueId type="string">MemCfg~26~26</uniqueId>
   <value type="message">
      <fudgeField0 ordinal="0" type="string">com.opengamma.financial.analytics.curve.InterpolatedCurveDefinition</fudgeField0>
      <uniqueId type="string">MemCfg~26~26</uniqueId>
      <name type="string">USD-FRAL3M-IRSL3M-LIN</name>
      <node type="message">
         <fudgeField0 ordinal="0" type="string">com.opengamma.financial.analytics.ircurve.strips.CashNode</fudgeField0>
         <startTenor type="string">P0D</startTenor>
         <maturityTenor type="string">P3M</maturityTenor>
         <convention type="string">OG_TICKER~USDLIBOR3M</convention>
         <curveNodeIdMapper type="string">USD-LIBOR3M-BBG</curveNodeIdMapper>
      </node>
      <node type="message">
         <fudgeField0 ordinal="0" type="string">com.opengamma.financial.analytics.ircurve.strips.RateFutureNode</fudgeField0>
         <futureNumber type="byte">1</futureNumber>
         <startTenor type="string">P1D</startTenor>
         <futureTenor type="string">P3M</futureTenor>
         <underlyingTenor type="string">P3M</underlyingTenor>
         <futureConvention type="string">CONVENTION~USDSTIRFuturesQ3M</futureConvention>
         <curveNodeIdMapper type="string">USD-LIBOR3M-BBG</curveNodeIdMapper>
      </node>
      <node type="message">
         <fudgeField0 ordinal="0" type="string">com.opengamma.financial.analytics.ircurve.strips.RateFutureNode</fudgeField0>
         <futureNumber type="byte">2</futureNumber>
         <startTenor type="string">P1D</startTenor>
         <futureTenor type="string">P3M</futureTenor>
         <underlyingTenor type="string">P3M</underlyingTenor>
         <futureConvention type="string">CONVENTION~USDSTIRFuturesQ3M</futureConvention>
         <curveNodeIdMapper type="string">USD-LIBOR3M-BBG</curveNodeIdMapper>
      </node>
      <node type="message">
         <fudgeField0 ordinal="0" type="string">com.opengamma.financial.analytics.ircurve.strips.RateFutureNode</fudgeField0>
         <futureNumber type="byte">3</futureNumber>
         <startTenor type="string">P1D</startTenor>
         <futureTenor type="string">P3M</futureTenor>
         <underlyingTenor type="string">P3M</underlyingTenor>
         <futureConvention type="string">CONVENTION~USDSTIRFuturesQ3M</futureConvention>
         <curveNodeIdMapper type="string">USD-LIBOR3M-BBG</curveNodeIdMapper>
      </node>
      <node type="message">
         <fudgeField0 ordinal="0" type="string">com.opengamma.financial.analytics.ircurve.strips.RateFutureNode</fudgeField0>
         <futureNumber type="byte">4</futureNumber>
         <startTenor type="string">P1D</startTenor>
         <futureTenor type="string">P3M</futureTenor>
         <underlyingTenor type="string">P3M</underlyingTenor>
         <futureConvention type="string">CONVENTION~USDSTIRFuturesQ3M</futureConvention>
         <curveNodeIdMapper type="string">USD-LIBOR3M-BBG</curveNodeIdMapper>
      </node>
      <node type="message">
         <fudgeField0 ordinal="0" type="string">com.opengamma.financial.analytics.ircurve.strips.RateFutureNode</fudgeField0>
         <futureNumber type="byte">5</futureNumber>
         <startTenor type="string">P1D</startTenor>
         <futureTenor type="string">P3M</futureTenor>
         <underlyingTenor type="string">P3M</underlyingTenor>
         <futureConvention type="string">CONVENTION~USDSTIRFuturesQ3M</futureConvention>
         <curveNodeIdMapper type="string">USD-LIBOR3M-BBG</curveNodeIdMapper>
      </node>
      <node type="message">
         <fudgeField0 ordinal="0" type="string">com.opengamma.financial.analytics.ircurve.strips.RateFutureNode</fudgeField0>
         <futureNumber type="byte">6</futureNumber>
         <startTenor type="string">P1D</startTenor>
         <futureTenor type="string">P3M</futureTenor>
         <underlyingTenor type="string">P3M</underlyingTenor>
         <futureConvention type="string">CONVENTION~USDSTIRFuturesQ3M</futureConvention>
         <curveNodeIdMapper type="string">USD-LIBOR3M-BBG</curveNodeIdMapper>
      </node>
      <node type="message">
         <fudgeField0 ordinal="0" type="string">com.opengamma.financial.analytics.ircurve.strips.RateFutureNode</fudgeField0>
         <futureNumber type="byte">7</futureNumber>
         <startTenor type="string">P1D</startTenor>
         <futureTenor type="string">P3M</futureTenor>
         <underlyingTenor type="string">P3M</underlyingTenor>
         <futureConvention type="string">CONVENTION~USDSTIRFuturesQ3M</futureConvention>
         <curveNodeIdMapper type="string">USD-LIBOR3M-BBG</curveNodeIdMapper>
      </node>
      <node type="message">
         <fudgeField0 ordinal="0" type="string">com.opengamma.financial.analytics.ircurve.strips.RateFutureNode</fudgeField0>
         <futureNumber type="byte">8</futureNumber>
         <startTenor type="string">P1D</startTenor>
         <futureTenor type="string">P3M</futureTenor>
         <underlyingTenor type="string">P3M</underlyingTenor>
         <futureConvention type="string">CONVENTION~USDSTIRFuturesQ3M</futureConvention>
         <curveNodeIdMapper type="string">USD-LIBOR3M-BBG</curveNodeIdMapper>
      </node>
      <node type="message">
         <fudgeField0 ordinal="0" type="string">com.opengamma.financial.analytics.ircurve.strips.RateFutureNode</fudgeField0>
         <futureNumber type="byte">9</futureNumber>
         <startTenor type="string">P1D</startTenor>
         <futureTenor type="string">P3M</futureTenor>
         <underlyingTenor type="string">P3M</underlyingTenor>
         <futureConvention type="string">CONVENTION~USDSTIRFuturesQ3M</futureConvention>
         <curveNodeIdMapper type="string">USD-LIBOR3M-BBG</curveNodeIdMapper>
      </node>
      <node type="message">
         <fudgeField0 ordinal="0" type="string">com.opengamma.financial.analytics.ircurve.strips.RateFutureNode</fudgeField0>
         <futureNumber type="byte">10</futureNumber>
         <startTenor type="string">P1D</startTenor>
         <futureTenor type="string">P3M</futureTenor>
         <underlyingTenor type="string">P3M</underlyingTenor>
         <futureConvention type="string">CONVENTION~USDSTIRFuturesQ3M</futureConvention>
         <curveNodeIdMapper type="string">USD-LIBOR3M-BBG</curveNodeIdMapper>
      </node>
      <node type="message">
         <fudgeField0 ordinal="0" type="string">com.opengamma.financial.analytics.ircurve.strips.SwapNode</fudgeField0>
         <startTenor type="string">P0D</startTenor>
         <maturityTenor type="string">P3Y</maturityTenor>
         <payLegConvention type="string">CONVENTION~USDFixed6M</payLegConvention>
         <receiveLegConvention type="string">CONVENTION~USDLIBOR3M</receiveLegConvention>
         <curveNodeIdMapper type="string">USD LIBOR3M BBG Mapper</curveNodeIdMapper>
         <useFixings type="boolean">true</useFixings>
      </node>
      <node type="message">
         <fudgeField0 ordinal="0" type="string">com.opengamma.financial.analytics.ircurve.strips.SwapNode</fudgeField0>
         <startTenor type="string">P0D</startTenor>
         <maturityTenor type="string">P4Y</maturityTenor>
         <payLegConvention type="string">CONVENTION~USDFixed6M</payLegConvention>
         <receiveLegConvention type="string">CONVENTION~USDLIBOR3M</receiveLegConvention>
         <curveNodeIdMapper type="string">USD LIBOR3M BBG Mapper</curveNodeIdMapper>
         <useFixings type="boolean">true</useFixings>
      </node>
      <node type="message">
         <fudgeField0 ordinal="0" type="string">com.opengamma.financial.analytics.ircurve.strips.SwapNode</fudgeField0>
         <startTenor type="string">P0D</startTenor>
         <maturityTenor type="string">P5Y</maturityTenor>
         <payLegConvention type="string">CONVENTION~USDFixed6M</payLegConvention>
         <receiveLegConvention type="string">CONVENTION~USDLIBOR3M</receiveLegConvention>
         <curveNodeIdMapper type="string">USD LIBOR3M BBG Mapper</curveNodeIdMapper>
         <useFixings type="boolean">true</useFixings>
      </node>
      <node type="message">
         <fudgeField0 ordinal="0" type="string">com.opengamma.financial.analytics.ircurve.strips.SwapNode</fudgeField0>
         <startTenor type="string">P0D</startTenor>
         <maturityTenor type="string">P7Y</maturityTenor>
         <payLegConvention type="string">CONVENTION~USDFixed6M</payLegConvention>
         <receiveLegConvention type="string">CONVENTION~USDLIBOR3M</receiveLegConvention>
         <curveNodeIdMapper type="string">USD LIBOR3M BBG Mapper</curveNodeIdMapper>
         <useFixings type="boolean">true</useFixings>
      </node>
      <node type="message">
         <fudgeField0 ordinal="0" type="string">com.opengamma.financial.analytics.ircurve.strips.SwapNode</fudgeField0>
         <startTenor type="string">P0D</startTenor>
         <maturityTenor type="string">P10Y</maturityTenor>
         <payLegConvention type="string">CONVENTION~USDFixed6M</payLegConvention>
         <receiveLegConvention type="string">CONVENTION~USDLIBOR3M</receiveLegConvention>
         <curveNodeIdMapper type="string">USD LIBOR3M BBG Mapper</curveNodeIdMapper>
         <useFixings type="boolean">true</useFixings>
      </node>
      <interpolatorName type="string">Linear</interpolatorName>
      <rightExtrapolatorName type="string">FlatExtrapolator</rightExtrapolatorName>
      <leftExtrapolatorName type="string">FlatExtrapolator</leftExtrapolatorName>
   </value>
   <fudgeField0 ordinal="0" type="string">com.opengamma.core.config.impl.ConfigItem</fudgeField0>
   <fudgeField0 ordinal="0" type="string">org.joda.beans.impl.direct.DirectBean</fudgeField0>
</fudgeEnvelope>
