<?xml version="1.0" encoding="UTF-8"?>
<fudgeEnvelope>
   <type type="string">com.opengamma.financial.analytics.curve.exposure.ExposureFunctions</type>
   <name type="string">USD-GBP-FF-1</name>
   <uniqueId type="string">MemCfg~10~10</uniqueId>
   <value type="message">
      <fudgeField0 ordinal="0" type="string">com.opengamma.financial.analytics.curve.exposure.ExposureFunctions</fudgeField0>
      <name type="string">USD-GBP-FF-1</name>
      <exposureFunction type="string">Currency</exposureFunction>
      <id type="string">CurrencyISO~USD</id>
      <configuration type="string">USD_GBP_FF_DSCON-OISFFS_L3M-FRAIRS_L1M-BS_L6M-BS__DSC-FXXCCY_L3M-FRAIRS</configuration>
      <id type="string">CurrencyISO~GBP</id>
      <configuration type="string">USD_GBP_FF_DSCON-OISFFS_L3M-FRAIRS_L1M-BS_L6M-BS__DSC-FXXCCY_L3M-FRAIRS</configuration>
      <uniqueId type="message">
         <Scheme type="string">MemCfg</Scheme>
         <Value type="string">10</Value>
         <Version type="string">10</Version>
      </uniqueId>
   </value>
   <fudgeField0 ordinal="0" type="string">com.opengamma.core.config.impl.ConfigItem</fudgeField0>
   <fudgeField0 ordinal="0" type="string">org.joda.beans.impl.direct.DirectBean</fudgeField0>
</fudgeEnvelope>
