<?xml version="1.0" encoding="UTF-8"?>
<fudgeEnvelope>
   <type type="string">com.opengamma.financial.analytics.curve.CurveConstructionConfiguration</type>
   <name type="string">USD_FF_DSCON-OISFFS_L3M-FRAIRS_L1M-BS_L6M-BS</name>
   <uniqueId type="string">MemCfg~27~27</uniqueId>
   <value type="message">
      <fudgeField0 ordinal="0" type="string">com.opengamma.financial.analytics.curve.CurveConstructionConfiguration</fudgeField0>
      <name type="string">USD_FF_DSCON-OISFFS_L3M-FRAIRS_L1M-BS_L6M-BS</name>
      <group type="message">
         <fudgeField0 ordinal="0" type="string">com.opengamma.financial.analytics.curve.CurveGroupConfiguration</fudgeField0>
         <order type="byte">0</order>
         <curveName type="string">USD-FRAL3M-IRSL3M-NCS</curveName>
         <typesForCurve type="message">
            <type type="message">
               <fudgeField0 ordinal="0" type="string">com.opengamma.financial.analytics.curve.IborCurveTypeConfiguration</fudgeField0>
               <convention type="string">OG_TICKER~USDLIBOR3M</convention>
               <indexTenor type="string">P3M</indexTenor>
            </type>
         </typesForCurve>
         <curveName type="string">USD-OIS-FFS-NCS</curveName>
         <typesForCurve type="message">
            <type type="message">
               <fudgeField0 ordinal="0" type="string">com.opengamma.financial.analytics.curve.DiscountingCurveTypeConfiguration</fudgeField0>
               <reference type="string">USD</reference>
            </type>
            <type type="message">
               <fudgeField0 ordinal="0" type="string">com.opengamma.financial.analytics.curve.OvernightCurveTypeConfiguration</fudgeField0>
               <convention type="string">OG_TICKER~USDFEDFUNDS</convention>
            </type>
         </typesForCurve>
      </group>
      <group type="message">
         <fudgeField0 ordinal="0" type="string">com.opengamma.financial.analytics.curve.CurveGroupConfiguration</fudgeField0>
         <order type="byte">2</order>
         <curveName type="string">USD-FRAL6M-BSL3ML6M-NCS</curveName>
         <typesForCurve type="message">
            <type type="message">
               <fudgeField0 ordinal="0" type="string">com.opengamma.financial.analytics.curve.IborCurveTypeConfiguration</fudgeField0>
               <convention type="string">OG_TICKER~USDLIBOR6M</convention>
               <indexTenor type="string">P6M</indexTenor>
            </type>
         </typesForCurve>
      </group>
      <group type="message">
         <fudgeField0 ordinal="0" type="string">com.opengamma.financial.analytics.curve.CurveGroupConfiguration</fudgeField0>
         <order type="byte">3</order>
         <curveName type="string">USD-IRSL1M-BSL1ML3M-NCS</curveName>
         <typesForCurve type="message">
            <type type="message">
               <fudgeField0 ordinal="0" type="string">com.opengamma.financial.analytics.curve.IborCurveTypeConfiguration</fudgeField0>
               <convention type="string">OG_TICKER~USDLIBOR1M</convention>
               <indexTenor type="string">P1M</indexTenor>
            </type>
         </typesForCurve>
      </group>
      <uniqueId type="message">
         <Scheme type="string">MemCfg</Scheme>
         <Value type="string">27</Value>
         <Version type="string">27</Version>
      </uniqueId>
   </value>
   <fudgeField0 ordinal="0" type="string">com.opengamma.core.config.impl.ConfigItem</fudgeField0>
   <fudgeField0 ordinal="0" type="string">org.joda.beans.impl.direct.DirectBean</fudgeField0>
</fudgeEnvelope>
