<?xml version="1.0" encoding="UTF-8"?>
<fudgeEnvelope>
   <type type="string">com.opengamma.financial.analytics.curve.exposure.ExposureFunctions</type>
   <name type="string">GBP_SO_DSCONISCCY-OIS</name>
   <uniqueId type="string">MemCfg~36~36</uniqueId>
   <value type="message">
      <fudgeField0 ordinal="0" type="string">com.opengamma.financial.analytics.curve.exposure.ExposureFunctions</fudgeField0>
      <name type="string">GBP_SO_DSCONISCCY-OIS</name>
      <exposureFunction type="string">Currency</exposureFunction>
      <id type="string">CurrencyISO~GBP</id>
      <configuration type="string">GBP_SO_DSCONISCCY-OIS</configuration>
      <uniqueId type="message">
         <Scheme type="string">MemCfg</Scheme>
         <Value type="string">36</Value>
         <Version type="string">36</Version>
      </uniqueId>
   </value>
   <fudgeField0 ordinal="0" type="string">com.opengamma.core.config.impl.ConfigItem</fudgeField0>
   <fudgeField0 ordinal="0" type="string">org.joda.beans.impl.direct.DirectBean</fudgeField0>
</fudgeEnvelope>
