<?xml version="1.0" encoding="UTF-8"?>
<fudgeEnvelope>
   <type type="string">com.opengamma.financial.analytics.curve.CurveConstructionConfiguration</type>
   <name type="string">GBP_SO_DSCONISCCY-OIS</name>
   <uniqueId type="string">MemCfg~34~34</uniqueId>
   <value type="message">
      <fudgeField0 ordinal="0" type="string">com.opengamma.financial.analytics.curve.CurveConstructionConfiguration</fudgeField0>
      <name type="string">GBP_DSCONISCCY-OIS</name>
      <group type="message">
         <fudgeField0 ordinal="0" type="string">com.opengamma.financial.analytics.curve.CurveGroupConfiguration</fudgeField0>
         <order type="byte">0</order>
         <curveName type="string">GBP-OIS-LIN</curveName>
         <typesForCurve type="message">
            <type type="message">
               <fudgeField0 ordinal="0" type="string">com.opengamma.financial.analytics.curve.DiscountingCurveTypeConfiguration</fudgeField0>
               <reference type="string">GBP</reference>
            </type>
            <type type="message">
               <fudgeField0 ordinal="0" type="string">com.opengamma.financial.analytics.curve.OvernightCurveTypeConfiguration</fudgeField0>
               <convention type="string">OG_TICKER~GBPSONIA</convention>
            </type>
            <type type="message">
               <fudgeField0 ordinal="0" type="string">com.opengamma.financial.analytics.curve.IssuerCurveTypeConfiguration</fudgeField0>
               <key type="string">GBP</key>
               <keyClass type="message">
                  <fudgeField0 ordinal="0" type="string">java.lang.Class</fudgeField0>
                  <name type="string">com.opengamma.util.money.Currency</name>
               </keyClass>
               <filter type="message">
                  <useName type="boolean">false</useName>
                  <useCountry type="boolean">false</useCountry>
                  <countries type="message"/>
                  <useCurrency type="boolean">true</useCurrency>
                  <currencies type="message"/>
                  <fudgeField0 ordinal="0" type="string">com.opengamma.analytics.financial.legalentity.LegalEntityRegion</fudgeField0>
               </filter>
            </type>
         </typesForCurve>
      </group>
      <uniqueId type="message">
         <Scheme type="string">MemCfg</Scheme>
         <Value type="string">34</Value>
         <Version type="string">34</Version>
      </uniqueId>
   </value>
   <fudgeField0 ordinal="0" type="string">com.opengamma.core.config.impl.ConfigItem</fudgeField0>
   <fudgeField0 ordinal="0" type="string">org.joda.beans.impl.direct.DirectBean</fudgeField0>
</fudgeEnvelope>
