<?xml version="1.0" encoding="UTF-8"?>
<fudgeEnvelope>
   <type type="string">com.opengamma.financial.analytics.curve.CurveNodeIdMapper</type>
   <name type="string">GBP-UKGovt-Yield-BBG</name>
   <uniqueId type="string">MemCfg~32~32</uniqueId>
   <value type="message">
      <fudgeField0 ordinal="0" type="string">com.opengamma.financial.analytics.curve.CurveNodeIdMapper</fudgeField0>
      <name type="string"> GBP-UKGovt-Yield-BBG</name>
      <billIds type="message">
         <P1M type="message">
            <fudgeField0 ordinal="0" type="string">com.opengamma.financial.analytics.ircurve.StaticCurveInstrumentProvider</fudgeField0>
            <instrument type="string">ISIN~GB00B7P3MV77</instrument>
            <dataField type="string">Market_YieldYieldToMaturityMid</dataField>
            <typeField type="string">OUTRIGHT</typeField>
         </P1M>
         <P3M type="message">
            <fudgeField0 ordinal="0" type="string">com.opengamma.financial.analytics.ircurve.StaticCurveInstrumentProvider</fudgeField0>
            <instrument type="string">ISIN~GB00BDNHF692</instrument>
            <dataField type="string">Market_YieldYieldToMaturityMid</dataField>
            <typeField type="string">OUTRIGHT</typeField>
         </P3M>
         <P6M type="message">
            <fudgeField0 ordinal="0" type="string">com.opengamma.financial.analytics.ircurve.StaticCurveInstrumentProvider</fudgeField0>
            <instrument type="string">ISIN~GB00BDNJY806</instrument>
            <dataField type="string">Market_YieldYieldToMaturityMid</dataField>
            <typeField type="string">OUTRIGHT</typeField>
         </P6M>
      </billIds>
      <bondIds type="message">
         <P2Y type="message">
            <fudgeField0 ordinal="0" type="string">com.opengamma.financial.analytics.ircurve.StaticCurveInstrumentProvider</fudgeField0>
            <instrument type="string">ISIN~GB00B3QCG246</instrument>
            <dataField type="string">Market_YieldYieldToMaturityMid</dataField>
            <typeField type="string">OUTRIGHT</typeField>
         </P2Y>
         <P20Y type="message">
            <fudgeField0 ordinal="0" type="string">com.opengamma.financial.analytics.ircurve.StaticCurveInstrumentProvider</fudgeField0>
            <instrument type="string">ISIN~GB00B52WS153</instrument>
            <dataField type="string">Market_YieldYieldToMaturityMid</dataField>
            <typeField type="string">OUTRIGHT</typeField>
         </P20Y>
         <P5Y type="message">
            <fudgeField0 ordinal="0" type="string">com.opengamma.financial.analytics.ircurve.StaticCurveInstrumentProvider</fudgeField0>
            <instrument type="string">ISIN~GB00BDV0F150</instrument>
            <dataField type="string">Market_YieldYieldToMaturityMid</dataField>
            <typeField type="string">OUTRIGHT</typeField>
         </P5Y>
         <P10Y type="message">
            <fudgeField0 ordinal="0" type="string">com.opengamma.financial.analytics.ircurve.StaticCurveInstrumentProvider</fudgeField0>
            <instrument type="string">ISIN~GB00B7Z53659</instrument>
            <dataField type="string">Market_YieldYieldToMaturityMid</dataField>
            <typeField type="string">OUTRIGHT</typeField>
         </P10Y>
         <P30Y type="message">
            <fudgeField0 ordinal="0" type="string">com.opengamma.financial.analytics.ircurve.StaticCurveInstrumentProvider</fudgeField0>
            <instrument type="string">ISIN~GB00B84Z9V04</instrument>
            <dataField type="string">Market_YieldYieldToMaturityMid</dataField>
            <typeField type="string">OUTRIGHT</typeField>
         </P30Y>
      </bondIds>
   </value>
   <fudgeField0 ordinal="0" type="string">com.opengamma.core.config.impl.ConfigItem</fudgeField0>
   <fudgeField0 ordinal="0" type="string">org.joda.beans.impl.direct.DirectBean</fudgeField0>
</fudgeEnvelope>
