<?xml version="1.0" encoding="UTF-8"?>
<fudgeEnvelope>
   <type type="string">com.opengamma.sesame.credit.config.RestructuringSettings</type>
   <name type="string">Sample Restructuring Map</name>
   <uniqueId type="string">MemCfg~38~38</uniqueId>
   <value type="message">
      <restructuringMappings type="message">
         <fudgeField1 ordinal="1" type="string">EUR</fudgeField1>
         <fudgeField2 ordinal="2" type="message">
            <fudgeField0 ordinal="0" type="string">com.opengamma.analytics.financial.credit.RestructuringClause</fudgeField0>
            <fudgeField1 ordinal="1" type="string">MM</fudgeField1>
         </fudgeField2>
         <fudgeField1 ordinal="1" type="string">USD</fudgeField1>
         <fudgeField2 ordinal="2" type="message">
            <fudgeField0 ordinal="0" type="string">com.opengamma.analytics.financial.credit.RestructuringClause</fudgeField0>
            <fudgeField1 ordinal="1" type="string">XR</fudgeField1>
         </fudgeField2>
      </restructuringMappings>
   </value>
   <fudgeField0 ordinal="0" type="string">com.opengamma.core.config.impl.ConfigItem</fudgeField0>
   <fudgeField0 ordinal="0" type="string">org.joda.beans.impl.direct.DirectBean</fudgeField0>
</fudgeEnvelope>
