<?xml version="1.0" encoding="UTF-8"?>
<fudgeEnvelope>
   <type type="string">com.opengamma.financial.analytics.curve.CurveNodeIdMapper</type>
   <name type="string">USD-OIS-BBG</name>
   <uniqueId type="string">MemCfg~13~13</uniqueId>
   <value type="message">
      <fudgeField0 ordinal="0" type="string">com.opengamma.financial.analytics.curve.CurveNodeIdMapper</fudgeField0>
      <name type="string">USD-OIS-BBG</name>
      <swapIds type="message">
         <P1Y type="message">
            <fudgeField0 ordinal="0" type="string">com.opengamma.financial.analytics.ircurve.StaticCurveInstrumentProvider</fudgeField0>
            <instrument type="string">BLOOMBERG_TICKER~USSO1 Curncy</instrument>
            <dataField type="string">Market_Value</dataField>
            <typeField type="string">OUTRIGHT</typeField>
         </P1Y>
         <P9M type="message">
            <fudgeField0 ordinal="0" type="string">com.opengamma.financial.analytics.ircurve.StaticCurveInstrumentProvider</fudgeField0>
            <instrument type="string">BLOOMBERG_TICKER~USSOI Curncy</instrument>
            <dataField type="string">Market_Value</dataField>
            <typeField type="string">OUTRIGHT</typeField>
         </P9M>
         <P2Y type="message">
            <fudgeField0 ordinal="0" type="string">com.opengamma.financial.analytics.ircurve.StaticCurveInstrumentProvider</fudgeField0>
            <instrument type="string">BLOOMBERG_TICKER~USSO2 Curncy</instrument>
            <dataField type="string">Market_Value</dataField>
            <typeField type="string">OUTRIGHT</typeField>
         </P2Y>
         <P3Y type="message">
            <fudgeField0 ordinal="0" type="string">com.opengamma.financial.analytics.ircurve.StaticCurveInstrumentProvider</fudgeField0>
            <instrument type="string">BLOOMBERG_TICKER~USSO3 Curncy</instrument>
            <dataField type="string">Market_Value</dataField>
            <typeField type="string">OUTRIGHT</typeField>
         </P3Y>
         <P2M type="message">
            <fudgeField0 ordinal="0" type="string">com.opengamma.financial.analytics.ircurve.StaticCurveInstrumentProvider</fudgeField0>
            <instrument type="string">BLOOMBERG_TICKER~USSOB Curncy</instrument>
            <dataField type="string">Market_Value</dataField>
            <typeField type="string">OUTRIGHT</typeField>
         </P2M>
         <P4Y type="message">
            <fudgeField0 ordinal="0" type="string">com.opengamma.financial.analytics.ircurve.StaticCurveInstrumentProvider</fudgeField0>
            <instrument type="string">BLOOMBERG_TICKER~USSO4 Curncy</instrument>
            <dataField type="string">Market_Value</dataField>
            <typeField type="string">OUTRIGHT</typeField>
         </P4Y>
         <P5Y type="message">
            <fudgeField0 ordinal="0" type="string">com.opengamma.financial.analytics.ircurve.StaticCurveInstrumentProvider</fudgeField0>
            <instrument type="string">BLOOMBERG_TICKER~USSO5 Curncy</instrument>
            <dataField type="string">Market_Value</dataField>
            <typeField type="string">OUTRIGHT</typeField>
         </P5Y>
         <P6Y type="message">
            <fudgeField0 ordinal="0" type="string">com.opengamma.financial.analytics.ircurve.StaticCurveInstrumentProvider</fudgeField0>
            <instrument type="string">BLOOMBERG_TICKER~USSO6 Curncy</instrument>
            <dataField type="string">Market_Value</dataField>
            <typeField type="string">OUTRIGHT</typeField>
         </P6Y>
         <P7Y type="message">
            <fudgeField0 ordinal="0" type="string">com.opengamma.financial.analytics.ircurve.StaticCurveInstrumentProvider</fudgeField0>
            <instrument type="string">BLOOMBERG_TICKER~USSO7 Curncy</instrument>
            <dataField type="string">Market_Value</dataField>
            <typeField type="string">OUTRIGHT</typeField>
         </P7Y>
         <P8Y type="message">
            <fudgeField0 ordinal="0" type="string">com.opengamma.financial.analytics.ircurve.StaticCurveInstrumentProvider</fudgeField0>
            <instrument type="string">BLOOMBERG_TICKER~USSO8 Curncy</instrument>
            <dataField type="string">Market_Value</dataField>
            <typeField type="string">OUTRIGHT</typeField>
         </P8Y>
         <P9Y type="message">
            <fudgeField0 ordinal="0" type="string">com.opengamma.financial.analytics.ircurve.StaticCurveInstrumentProvider</fudgeField0>
            <instrument type="string">BLOOMBERG_TICKER~USSO9 Curncy</instrument>
            <dataField type="string">Market_Value</dataField>
            <typeField type="string">OUTRIGHT</typeField>
         </P9Y>
         <P10Y type="message">
            <fudgeField0 ordinal="0" type="string">com.opengamma.financial.analytics.ircurve.StaticCurveInstrumentProvider</fudgeField0>
            <instrument type="string">BLOOMBERG_TICKER~USSO10 Curncy</instrument>
            <dataField type="string">Market_Value</dataField>
            <typeField type="string">OUTRIGHT</typeField>
         </P10Y>
         <P6M type="message">
            <fudgeField0 ordinal="0" type="string">com.opengamma.financial.analytics.ircurve.StaticCurveInstrumentProvider</fudgeField0>
            <instrument type="string">BLOOMBERG_TICKER~USSOF Curncy</instrument>
            <dataField type="string">Market_Value</dataField>
            <typeField type="string">OUTRIGHT</typeField>
         </P6M>
         <P15Y type="message">
            <fudgeField0 ordinal="0" type="string">com.opengamma.financial.analytics.ircurve.StaticCurveInstrumentProvider</fudgeField0>
            <instrument type="string">BLOOMBERG_TICKER~USSO15 Curncy</instrument>
            <dataField type="string">Market_Value</dataField>
            <typeField type="string">OUTRIGHT</typeField>
         </P15Y>
         <P1M type="message">
            <fudgeField0 ordinal="0" type="string">com.opengamma.financial.analytics.ircurve.StaticCurveInstrumentProvider</fudgeField0>
            <instrument type="string">BLOOMBERG_TICKER~USSOA Curncy</instrument>
            <dataField type="string">Market_Value</dataField>
            <typeField type="string">OUTRIGHT</typeField>
         </P1M>
         <P20Y type="message">
            <fudgeField0 ordinal="0" type="string">com.opengamma.financial.analytics.ircurve.StaticCurveInstrumentProvider</fudgeField0>
            <instrument type="string">BLOOMBERG_TICKER~USSO20 Curncy</instrument>
            <dataField type="string">Market_Value</dataField>
            <typeField type="string">OUTRIGHT</typeField>
         </P20Y>
         <P3M type="message">
            <fudgeField0 ordinal="0" type="string">com.opengamma.financial.analytics.ircurve.StaticCurveInstrumentProvider</fudgeField0>
            <instrument type="string">BLOOMBERG_TICKER~USSOC Curncy</instrument>
            <dataField type="string">Market_Value</dataField>
            <typeField type="string">OUTRIGHT</typeField>
         </P3M>
         <P7D type="message">
            <fudgeField0 ordinal="0" type="string">com.opengamma.financial.analytics.ircurve.StaticCurveInstrumentProvider</fudgeField0>
            <instrument type="string">BLOOMBERG_TICKER~USSO1Z Curncy</instrument>
            <dataField type="string">Market_Value</dataField>
            <typeField type="string">OUTRIGHT</typeField>
         </P7D>
         <P30Y type="message">
            <fudgeField0 ordinal="0" type="string">com.opengamma.financial.analytics.ircurve.StaticCurveInstrumentProvider</fudgeField0>
            <instrument type="string">BLOOMBERG_TICKER~USSO30 Curncy</instrument>
            <dataField type="string">Market_Value</dataField>
            <typeField type="string">OUTRIGHT</typeField>
         </P30Y>
      </swapIds>
   </value>
   <fudgeField0 ordinal="0" type="string">com.opengamma.core.config.impl.ConfigItem</fudgeField0>
   <fudgeField0 ordinal="0" type="string">org.joda.beans.impl.direct.DirectBean</fudgeField0>
</fudgeEnvelope>
