<?xml version="1.0" encoding="UTF-8"?>
<fudgeEnvelope>
   <type type="string">com.opengamma.financial.analytics.curve.CurveNodeIdMapper</type>
   <name type="string">GBP-USD-FX-Forward-BBG</name>
   <uniqueId type="string">MemCfg~18~18</uniqueId>
   <value type="message">
      <fudgeField0 ordinal="0" type="string">com.opengamma.financial.analytics.curve.CurveNodeIdMapper</fudgeField0>
      <name type="string">GBP-USD-FX-Forward-BBG</name>
      <fxForwardIds type="message">
         <P1Y type="message">
            <fudgeField0 ordinal="0" type="string">com.opengamma.financial.analytics.ircurve.StaticCurvePointsInstrumentProvider</fudgeField0>
            <instrument type="string">BLOOMBERG_TICKER~GBP12M Curncy</instrument>
            <dataField type="string">Market_Value</dataField>
            <typeField type="string">POINTS</typeField>
            <underlyingInstrument type="string">BLOOMBERG_TICKER~GBP Curncy</underlyingInstrument>
            <underlyingDataField type="string">Market_Value</underlyingDataField>
         </P1Y>
         <P2Y type="message">
            <fudgeField0 ordinal="0" type="string">com.opengamma.financial.analytics.ircurve.StaticCurvePointsInstrumentProvider</fudgeField0>
            <instrument type="string">BLOOMBERG_TICKER~GBP2Y Curncy</instrument>
            <dataField type="string">Market_Value</dataField>
            <typeField type="string">POINTS</typeField>
            <underlyingInstrument type="string">BLOOMBERG_TICKER~GBP Curncy</underlyingInstrument>
            <underlyingDataField type="string">Market_Value</underlyingDataField>
         </P2Y>
         <P9M type="message">
            <fudgeField0 ordinal="0" type="string">com.opengamma.financial.analytics.ircurve.StaticCurvePointsInstrumentProvider</fudgeField0>
            <instrument type="string">BLOOMBERG_TICKER~GBP9M Curncy</instrument>
            <dataField type="string">Market_Value</dataField>
            <typeField type="string">POINTS</typeField>
            <underlyingInstrument type="string">BLOOMBERG_TICKER~GBP Curncy</underlyingInstrument>
            <underlyingDataField type="string">Market_Value</underlyingDataField>
         </P9M>
         <P1M type="message">
            <fudgeField0 ordinal="0" type="string">com.opengamma.financial.analytics.ircurve.StaticCurvePointsInstrumentProvider</fudgeField0>
            <instrument type="string">BLOOMBERG_TICKER~GBP1M Curncy</instrument>
            <dataField type="string">Market_Value</dataField>
            <typeField type="string">POINTS</typeField>
            <underlyingInstrument type="string">BLOOMBERG_TICKER~GBP Curncy</underlyingInstrument>
            <underlyingDataField type="string">Market_Value</underlyingDataField>
         </P1M>
         <P3Y type="message">
            <fudgeField0 ordinal="0" type="string">com.opengamma.financial.analytics.ircurve.StaticCurvePointsInstrumentProvider</fudgeField0>
            <instrument type="string">BLOOMBERG_TICKER~GBP3Y Curncy</instrument>
            <dataField type="string">Market_Value</dataField>
            <typeField type="string">POINTS</typeField>
            <underlyingInstrument type="string">BLOOMBERG_TICKER~GBP Curncy</underlyingInstrument>
            <underlyingDataField type="string">Market_Value</underlyingDataField>
         </P3Y>
         <P4Y type="message">
            <fudgeField0 ordinal="0" type="string">com.opengamma.financial.analytics.ircurve.StaticCurvePointsInstrumentProvider</fudgeField0>
            <instrument type="string">BLOOMBERG_TICKER~GBP4Y Curncy</instrument>
            <dataField type="string">Market_Value</dataField>
            <typeField type="string">POINTS</typeField>
            <underlyingInstrument type="string">BLOOMBERG_TICKER~GBP Curncy</underlyingInstrument>
            <underlyingDataField type="string">Market_Value</underlyingDataField>
         </P4Y>
         <P2M type="message">
            <fudgeField0 ordinal="0" type="string">com.opengamma.financial.analytics.ircurve.StaticCurvePointsInstrumentProvider</fudgeField0>
            <instrument type="string">BLOOMBERG_TICKER~GBP2M Curncy</instrument>
            <dataField type="string">Market_Value</dataField>
            <typeField type="string">POINTS</typeField>
            <underlyingInstrument type="string">BLOOMBERG_TICKER~GBP Curncy</underlyingInstrument>
            <underlyingDataField type="string">Market_Value</underlyingDataField>
         </P2M>
         <P5Y type="message">
            <fudgeField0 ordinal="0" type="string">com.opengamma.financial.analytics.ircurve.StaticCurvePointsInstrumentProvider</fudgeField0>
            <instrument type="string">BLOOMBERG_TICKER~GBP5Y Curncy</instrument>
            <dataField type="string">Market_Value</dataField>
            <typeField type="string">POINTS</typeField>
            <underlyingInstrument type="string">BLOOMBERG_TICKER~GBP Curncy</underlyingInstrument>
            <underlyingDataField type="string">Market_Value</underlyingDataField>
         </P5Y>
         <P3M type="message">
            <fudgeField0 ordinal="0" type="string">com.opengamma.financial.analytics.ircurve.StaticCurvePointsInstrumentProvider</fudgeField0>
            <instrument type="string">BLOOMBERG_TICKER~GBP3M Curncy</instrument>
            <dataField type="string">Market_Value</dataField>
            <typeField type="string">POINTS</typeField>
            <underlyingInstrument type="string">BLOOMBERG_TICKER~GBP Curncy</underlyingInstrument>
            <underlyingDataField type="string">Market_Value</underlyingDataField>
         </P3M>
         <P12M type="message">
            <fudgeField0 ordinal="0" type="string">com.opengamma.financial.analytics.ircurve.StaticCurvePointsInstrumentProvider</fudgeField0>
            <instrument type="string">BLOOMBERG_TICKER~GBP12M Curncy</instrument>
            <dataField type="string">Market_Value</dataField>
            <typeField type="string">POINTS</typeField>
            <underlyingInstrument type="string">BLOOMBERG_TICKER~GBP Curncy</underlyingInstrument>
            <underlyingDataField type="string">Market_Value</underlyingDataField>
         </P12M>
         <P6M type="message">
            <fudgeField0 ordinal="0" type="string">com.opengamma.financial.analytics.ircurve.StaticCurvePointsInstrumentProvider</fudgeField0>
            <instrument type="string">BLOOMBERG_TICKER~GBP6M Curncy</instrument>
            <dataField type="string">Market_Value</dataField>
            <typeField type="string">POINTS</typeField>
            <underlyingInstrument type="string">BLOOMBERG_TICKER~GBP Curncy</underlyingInstrument>
            <underlyingDataField type="string">Market_Value</underlyingDataField>
         </P6M>
      </fxForwardIds>
   </value>
   <fudgeField0 ordinal="0" type="string">com.opengamma.core.config.impl.ConfigItem</fudgeField0>
   <fudgeField0 ordinal="0" type="string">org.joda.beans.impl.direct.DirectBean</fudgeField0>
</fudgeEnvelope>
