name,strike,price,maturity
CALL_NK225,4000,15665,31D
CALL_NK225,4500,15165,31D
CALL_NK225,5000,14665,31D
CALL_NK225,5500,14165,31D
CALL_NK225,6000,13665,31D
CALL_NK225,6500,13165,31D
CALL_NK225,7000,12665,31D
CALL_NK225,7500,12165,31D
CALL_NK225,8000,11665,31D
CALL_NK225,8500,11165,31D
CALL_NK225,9000,10665,31D
CALL_NK225,9250,10415,31D
CALL_NK225,9500,10165,31D
CALL_NK225,9750,9915,31D
CALL_NK225,10000,9665,31D
CALL_NK225,10250,9415,31D
CALL_NK225,10500,9165,31D
CALL_NK225,10750,8915,31D
CALL_NK225,11000,8665,31D
CALL_NK225,11250,8415,31D
CALL_NK225,11500,8165,31D
CALL_NK225,11750,7915,31D
CALL_NK225,12000,7665,31D
CALL_NK225,12250,7415,31D
CALL_NK225,12500,7165,31D
CALL_NK225,12750,6915,31D
CALL_NK225,13000,6665,31D
CALL_NK225,13250,6415,31D
CALL_NK225,13500,6165,31D
CALL_NK225,13750,5915,31D
CALL_NK225,14000,5665,31D
CALL_NK225,14250,5415,31D
CALL_NK225,14500,5165,31D
CALL_NK225,14750,4915,31D
CALL_NK225,15000,4665,31D
CALL_NK225,15250,4415,31D
CALL_NK225,15500,4170,31D
CALL_NK225,15750,3925,31D
CALL_NK225,16000,3675,31D
CALL_NK225,16250,3425,31D
CALL_NK225,16500,3175,31D
CALL_NK225,16750,2925,31D
CALL_NK225,17000,2675,31D
CALL_NK225,17125,2555,31D
CALL_NK225,17250,2435,31D
CALL_NK225,17375,2315,31D
CALL_NK225,17500,2190,31D
CALL_NK225,17625,2065,31D
CALL_NK225,17750,1945,31D
CALL_NK225,17875,1830,31D
CALL_NK225,18000,1715,31D
CALL_NK225,18125,1595,31D
CALL_NK225,18250,1480,31D
CALL_NK225,18375,1365,31D
CALL_NK225,18500,1255,31D
CALL_NK225,18625,1150,31D
CALL_NK225,18750,1045,31D
CALL_NK225,18875,943,31D
CALL_NK225,19000,845,31D
CALL_NK225,19125,750,31D
CALL_NK225,19250,662,31D
CALL_NK225,19375,578,31D
CALL_NK225,19500,505,31D
CALL_NK225,19625,435,31D
CALL_NK225,19750,370,31D
CALL_NK225,19875,315,31D
CALL_NK225,20000,260,31D
CALL_NK225,20125,205,31D
CALL_NK225,20250,170,31D
CALL_NK225,20375,140,31D
CALL_NK225,20500,110,31D
CALL_NK225,20625,85,31D
CALL_NK225,20750,70,31D
CALL_NK225,20875,55,31D
CALL_NK225,21000,40,31D
CALL_NK225,21125,33,31D
CALL_NK225,21250,24,31D
CALL_NK225,21375,18,31D
CALL_NK225,21500,15,31D
CALL_NK225,21625,10,31D
CALL_NK225,21750,8,31D
CALL_NK225,21875,7,31D
CALL_NK225,22000,5,31D
CALL_NK225,22125,4,31D
CALL_NK225,22250,2,31D
CALL_NK225,22500,2,31D
CALL_NK225,22750,2,31D
CALL_NK225,23000,1,31D
CALL_NK225,10500,9150,59D
CALL_NK225,10750,8900,59D
CALL_NK225,11000,8650,59D
CALL_NK225,11250,8400,59D
CALL_NK225,11500,8155,59D
CALL_NK225,11750,7905,59D
CALL_NK225,12000,7655,59D
CALL_NK225,12250,7405,59D
CALL_NK225,12500,7155,59D
CALL_NK225,12750,6905,59D
CALL_NK225,13000,6655,59D
CALL_NK225,13250,6405,59D
CALL_NK225,13500,6155,59D
CALL_NK225,13750,5905,59D
CALL_NK225,14000,5655,59D
CALL_NK225,14250,5410,59D
CALL_NK225,14500,5165,59D
CALL_NK225,14750,4915,59D
CALL_NK225,15000,4665,59D
CALL_NK225,15250,4415,59D
CALL_NK225,15500,4165,59D
CALL_NK225,15750,3925,59D
CALL_NK225,16000,3675,59D
CALL_NK225,16250,3435,59D
CALL_NK225,16500,3185,59D
CALL_NK225,16750,2945,59D
CALL_NK225,17000,2705,59D
CALL_NK225,17250,2465,59D
CALL_NK225,17375,2355,59D
CALL_NK225,17500,2235,59D
CALL_NK225,17625,2125,59D
CALL_NK225,17750,2005,59D
CALL_NK225,17875,1895,59D
CALL_NK225,18000,1785,59D
CALL_NK225,18125,1675,59D
CALL_NK225,18250,1570,59D
CALL_NK225,18375,1465,59D
CALL_NK225,18500,1365,59D
CALL_NK225,18625,1270,59D
CALL_NK225,18750,1170,59D
CALL_NK225,18875,1080,59D
CALL_NK225,19000,990,59D
CALL_NK225,19125,907,59D
CALL_NK225,19250,825,59D
CALL_NK225,19375,748,59D
CALL_NK225,19500,675,59D
CALL_NK225,19625,605,59D
CALL_NK225,19750,540,59D
CALL_NK225,19875,483,59D
CALL_NK225,20000,425,59D
CALL_NK225,20125,370,59D
CALL_NK225,20250,330,59D
CALL_NK225,20375,295,59D
CALL_NK225,20500,245,59D
CALL_NK225,20625,220,59D
CALL_NK225,20750,187,59D
CALL_NK225,20875,163,59D
CALL_NK225,21000,140,59D
CALL_NK225,21125,115,59D
CALL_NK225,21250,100,59D
CALL_NK225,21375,87,59D
CALL_NK225,21500,70,59D
CALL_NK225,21625,63,59D
CALL_NK225,21750,50,59D
CALL_NK225,21875,44,59D
CALL_NK225,22000,36,59D
CALL_NK225,22125,30,59D
CALL_NK225,22250,25,59D
CALL_NK225,22500,18,59D
CALL_NK225,22750,12,59D
CALL_NK225,23000,9,59D
CALL_NK225,23250,6,59D
CALL_NK225,23500,5,59D
CALL_NK225,23750,3,59D
CALL_NK225,12750,6880,94D
CALL_NK225,13000,6630,94D
CALL_NK225,13250,6390,94D
CALL_NK225,13500,6140,94D
CALL_NK225,13750,5890,94D
CALL_NK225,14000,5640,94D
CALL_NK225,14250,5390,94D
CALL_NK225,14500,5150,94D
CALL_NK225,14750,4900,94D
CALL_NK225,15000,4650,94D
CALL_NK225,15250,4410,94D
CALL_NK225,15500,4160,94D
CALL_NK225,15750,3920,94D
CALL_NK225,16000,3680,94D
CALL_NK225,16250,3440,94D
CALL_NK225,16500,3200,94D
CALL_NK225,16750,2970,94D
CALL_NK225,17000,2740,94D
CALL_NK225,17250,2510,94D
CALL_NK225,17375,2400,94D
CALL_NK225,17500,2290,94D
CALL_NK225,17625,2180,94D
CALL_NK225,17750,2070,94D
CALL_NK225,17875,1970,94D
CALL_NK225,18000,1860,94D
CALL_NK225,18125,1760,94D
CALL_NK225,18250,1660,94D
CALL_NK225,18375,1570,94D
CALL_NK225,18500,1470,94D
CALL_NK225,18625,1380,94D
CALL_NK225,18750,1290,94D
CALL_NK225,18875,1200,94D
CALL_NK225,19000,1120,94D
CALL_NK225,19125,1044,94D
CALL_NK225,19250,980,94D
CALL_NK225,19375,905,94D
CALL_NK225,19500,842,94D
CALL_NK225,19625,775,94D
CALL_NK225,19750,713,94D
CALL_NK225,19875,652,94D
CALL_NK225,20000,595,94D
CALL_NK225,20125,545,94D
CALL_NK225,20250,490,94D
CALL_NK225,20375,445,94D
CALL_NK225,20500,405,94D
CALL_NK225,20625,365,94D
CALL_NK225,20750,330,94D
CALL_NK225,20875,297,94D
CALL_NK225,21000,265,94D
CALL_NK225,21125,238,94D
CALL_NK225,21250,212,94D
CALL_NK225,21375,190,94D
CALL_NK225,21500,168,94D
CALL_NK225,21625,153,94D
CALL_NK225,21750,133,94D
CALL_NK225,22000,105,94D
CALL_NK225,22250,80,94D
CALL_NK225,22500,65,94D
CALL_NK225,22750,49,94D
CALL_NK225,23000,39,94D
CALL_NK225,23250,28,94D
CALL_NK225,23500,21,94D
CALL_NK225,23750,17,94D
CALL_NK225,24000,12,94D
CALL_NK225,24250,9,94D
CALL_NK225,11500,8143,122D
CALL_NK225,11750,7893,122D
CALL_NK225,12250,7393,122D
CALL_NK225,12500,7143,122D
CALL_NK225,12750,6893,122D
CALL_NK225,13000,6629,122D
CALL_NK225,13250,6390,122D
CALL_NK225,13500,6140,122D
CALL_NK225,13750,5890,122D
CALL_NK225,14000,5650,122D
CALL_NK225,14250,5400,122D
CALL_NK225,14500,5160,122D
CALL_NK225,14750,4910,122D
CALL_NK225,15000,4670,122D
CALL_NK225,15250,4420,122D
CALL_NK225,15500,4180,122D
CALL_NK225,15750,3940,122D
CALL_NK225,16000,3700,122D
CALL_NK225,16250,3470,122D
CALL_NK225,16500,3240,122D
CALL_NK225,16750,3010,122D
CALL_NK225,17000,2780,122D
CALL_NK225,17250,2560,122D
CALL_NK225,17500,2350,122D
CALL_NK225,17750,2140,122D
CALL_NK225,18000,1940,122D
CALL_NK225,18250,1740,122D
CALL_NK225,18500,1560,122D
CALL_NK225,18750,1390,122D
CALL_NK225,19000,1220,122D
CALL_NK225,19250,1070,122D
CALL_NK225,19500,930,122D
CALL_NK225,19750,817,122D
CALL_NK225,20000,691,122D
CALL_NK225,20250,590,122D
CALL_NK225,20500,500,122D
CALL_NK225,20750,420,122D
CALL_NK225,21000,360,122D
CALL_NK225,21250,295,122D
CALL_NK225,21500,244,122D
CALL_NK225,21750,200,122D
CALL_NK225,22000,165,122D
CALL_NK225,22250,135,122D
CALL_NK225,22500,110,122D
CALL_NK225,22750,90,122D
CALL_NK225,23000,74,122D
CALL_NK225,23250,60,122D
CALL_NK225,23500,50,122D
CALL_NK225,23750,38,122D
CALL_NK225,24000,31,122D
CALL_NK225,24250,26,122D
CALL_NK225,15750,3880,150D
CALL_NK225,16000,3650,150D
CALL_NK225,16250,3418,150D
CALL_NK225,16500,3190,150D
CALL_NK225,16750,2969,150D
CALL_NK225,17000,2750,150D
CALL_NK225,17250,2540,150D
CALL_NK225,17500,2330,150D
CALL_NK225,17750,2130,150D
CALL_NK225,18000,1940,150D
CALL_NK225,18250,1750,150D
CALL_NK225,18500,1580,150D
CALL_NK225,18750,1410,150D
CALL_NK225,19000,1259,150D
CALL_NK225,19250,1110,150D
CALL_NK225,19500,980,150D
CALL_NK225,19750,860,150D
CALL_NK225,20000,750,150D
CALL_NK225,20250,650,150D
CALL_NK225,20500,560,150D
CALL_NK225,20750,480,150D
CALL_NK225,21000,415,150D
CALL_NK225,21250,355,150D
CALL_NK225,21500,300,150D
CALL_NK225,21750,255,150D
CALL_NK225,22000,215,150D
CALL_NK225,22250,184,150D
CALL_NK225,22500,155,150D
CALL_NK225,22750,130,150D
CALL_NK225,23000,110,150D
CALL_NK225,23250,90,150D
CALL_NK225,23500,75,150D
CALL_NK225,23750,65,150D
CALL_NK225,24000,54,150D
CALL_NK225,24250,44,150D
CALL_NK225,15250,4380,185D
CALL_NK225,15500,4150,185D
CALL_NK225,15750,3920,185D
CALL_NK225,16000,3690,185D
CALL_NK225,16250,3470,185D
CALL_NK225,16500,3240,185D
CALL_NK225,16750,3030,185D
CALL_NK225,17000,2810,185D
CALL_NK225,17250,2600,185D
CALL_NK225,17500,2400,185D
CALL_NK225,17750,2210,185D
CALL_NK225,18000,2020,185D
CALL_NK225,18250,1840,185D
CALL_NK225,18500,1670,185D
CALL_NK225,18750,1510,185D
CALL_NK225,19000,1360,185D
CALL_NK225,19250,1220,185D
CALL_NK225,19500,1090,185D
CALL_NK225,19750,965,185D
CALL_NK225,20000,855,185D
CALL_NK225,20250,755,185D
CALL_NK225,20500,665,185D
CALL_NK225,20750,585,185D
CALL_NK225,21000,505,185D
CALL_NK225,21250,445,185D
CALL_NK225,21500,385,185D
CALL_NK225,21750,335,185D
CALL_NK225,22000,290,185D
CALL_NK225,22250,250,185D
CALL_NK225,22500,219,185D
CALL_NK225,22750,189,185D
CALL_NK225,23000,160,185D
CALL_NK225,23250,140,185D
CALL_NK225,23500,120,185D
CALL_NK225,23750,104,185D
CALL_NK225,24000,89,185D
CALL_NK225,24250,75,185D
CALL_NK225,13750,5921,213D
CALL_NK225,14500,5130,213D
CALL_NK225,14750,4882,213D
CALL_NK225,15000,4640,213D
CALL_NK225,15250,4410,213D
CALL_NK225,15500,4180,213D
CALL_NK225,15750,3950,213D
CALL_NK225,16000,3720,213D
CALL_NK225,16250,3500,213D
CALL_NK225,16500,3280,213D
CALL_NK225,16750,3070,213D
CALL_NK225,17000,2860,213D
CALL_NK225,17250,2660,213D
CALL_NK225,17500,2460,213D
CALL_NK225,17750,2270,213D
CALL_NK225,18000,2080,213D
CALL_NK225,18250,1910,213D
CALL_NK225,18500,1740,213D
CALL_NK225,18750,1580,213D
CALL_NK225,19000,1427,213D
CALL_NK225,19250,1299,213D
CALL_NK225,19500,1169,213D
CALL_NK225,19750,1049,213D
CALL_NK225,20000,935,213D
CALL_NK225,20250,835,213D
CALL_NK225,20500,745,213D
CALL_NK225,20750,660,213D
CALL_NK225,21000,571,213D
CALL_NK225,21250,515,213D
CALL_NK225,21500,455,213D
CALL_NK225,21750,400,213D
CALL_NK225,22000,350,213D
CALL_NK225,22250,310,213D
CALL_NK225,22500,270,213D
CALL_NK225,22750,239,213D
CALL_NK225,23000,209,213D
CALL_NK225,23250,184,213D
CALL_NK225,23500,160,213D
CALL_NK225,23750,140,213D
CALL_NK225,24000,120,213D
CALL_NK225,24250,105,213D
CALL_NK225,15250,4420,241D
CALL_NK225,15500,4190,241D
CALL_NK225,15750,3960,241D
CALL_NK225,16000,3740,241D
CALL_NK225,16250,3520,241D
CALL_NK225,16500,3302,241D
CALL_NK225,16750,3090,241D
CALL_NK225,17000,2890,241D
CALL_NK225,17250,2690,241D
CALL_NK225,17500,2491,241D
CALL_NK225,17750,2310,241D
CALL_NK225,18000,2130,241D
CALL_NK225,18250,1950,241D
CALL_NK225,18500,1790,241D
CALL_NK225,18750,1640,241D
CALL_NK225,19000,1500,241D
CALL_NK225,19250,1360,241D
CALL_NK225,19500,1230,241D
CALL_NK225,19750,1110,241D
CALL_NK225,20000,1000,241D
CALL_NK225,20250,900,241D
CALL_NK225,20500,804,241D
CALL_NK225,20750,725,241D
CALL_NK225,21000,645,241D
CALL_NK225,21250,574,241D
CALL_NK225,21500,515,241D
CALL_NK225,21750,460,241D
CALL_NK225,22000,404,241D
CALL_NK225,22250,359,241D
CALL_NK225,22500,319,241D
CALL_NK225,22750,284,241D
CALL_NK225,23000,255,241D
CALL_NK225,23250,224,241D
CALL_NK225,23500,200,241D
CALL_NK225,23750,174,241D
CALL_NK225,24000,154,241D
CALL_NK225,24250,139,241D
CALL_NK225,15250,4452,276D
CALL_NK225,15500,4230,276D
CALL_NK225,15750,4002,276D
CALL_NK225,16000,3782,276D
CALL_NK225,16250,3570,276D
CALL_NK225,16500,3352,276D
CALL_NK225,16750,3150,276D
CALL_NK225,17000,2950,276D
CALL_NK225,17250,2750,276D
CALL_NK225,17500,2560,276D
CALL_NK225,17750,2380,276D
CALL_NK225,18000,2201,276D
CALL_NK225,18250,2031,276D
CALL_NK225,18500,1870,276D
CALL_NK225,18750,1720,276D
CALL_NK225,19000,1580,276D
CALL_NK225,19250,1450,276D
CALL_NK225,19500,1320,276D
CALL_NK225,19750,1200,276D
CALL_NK225,20000,1090,276D
CALL_NK225,20250,990,276D
CALL_NK225,20500,895,276D
CALL_NK225,20750,810,276D
CALL_NK225,21000,735,276D
CALL_NK225,21250,660,276D
CALL_NK225,21500,595,276D
CALL_NK225,21750,535,276D
CALL_NK225,22000,485,276D
CALL_NK225,22250,435,276D
CALL_NK225,22500,390,276D
CALL_NK225,22750,350,276D
CALL_NK225,23000,315,276D
CALL_NK225,23250,285,276D
CALL_NK225,23500,255,276D
CALL_NK225,13750,5891,304D
CALL_NK225,14000,5642,304D
CALL_NK225,14250,5400,304D
CALL_NK225,14500,5163,304D
CALL_NK225,14750,4930,304D
CALL_NK225,15000,4703,304D
CALL_NK225,15250,4480,304D
CALL_NK225,15500,4250,304D
CALL_NK225,15750,4030,304D
CALL_NK225,16000,3812,304D
CALL_NK225,16250,3600,304D
CALL_NK225,16500,3390,304D
CALL_NK225,16750,3190,304D
CALL_NK225,17000,2990,304D
CALL_NK225,17250,2800,304D
CALL_NK225,17500,2610,304D
CALL_NK225,17750,2430,304D
CALL_NK225,18000,2260,304D
CALL_NK225,18250,2090,304D
CALL_NK225,18500,1931,304D
CALL_NK225,18750,1780,304D
CALL_NK225,19000,1640,304D
CALL_NK225,19250,1510,304D
CALL_NK225,19500,1380,304D
CALL_NK225,19750,1270,304D
CALL_NK225,20000,1160,304D
CALL_NK225,20250,1060,304D
CALL_NK225,20500,965,304D
CALL_NK225,20750,875,304D
CALL_NK225,21000,800,304D
CALL_NK225,21250,725,304D
CALL_NK225,21500,660,304D
CALL_NK225,21750,594,304D
CALL_NK225,22000,539,304D
CALL_NK225,22250,489,304D
CALL_NK225,22500,445,304D
CALL_NK225,22750,399,304D
CALL_NK225,23000,365,304D
CALL_NK225,23250,329,304D
CALL_NK225,23500,300,304D
CALL_NK225,23750,269,304D
CALL_NK225,24000,244,304D
CALL_NK225,24250,219,304D
CALL_NK225,14250,5375,395D
CALL_NK225,14500,5151,395D
CALL_NK225,14750,4890,395D
CALL_NK225,15000,4680,395D
CALL_NK225,15250,4460,395D
CALL_NK225,15500,4232,395D
CALL_NK225,15750,4021,395D
CALL_NK225,16000,3811,395D
CALL_NK225,16250,3620,395D
CALL_NK225,16500,3411,395D
CALL_NK225,16750,3230,395D
CALL_NK225,17000,3040,395D
CALL_NK225,17250,2860,395D
CALL_NK225,17500,2671,395D
CALL_NK225,17750,2500,395D
CALL_NK225,18000,2340,395D
CALL_NK225,18250,2180,395D
CALL_NK225,18500,2050,395D
CALL_NK225,18750,1890,395D
CALL_NK225,19000,1770,395D
CALL_NK225,19250,1640,395D
CALL_NK225,19500,1530,395D
CALL_NK225,19750,1410,395D
CALL_NK225,20000,1310,395D
CALL_NK225,20250,1210,395D
CALL_NK225,20500,1120,395D
CALL_NK225,20750,1030,395D
CALL_NK225,21000,955,395D
CALL_NK225,21250,880,395D
CALL_NK225,21500,810,395D
CALL_NK225,21750,750,395D
CALL_NK225,22000,690,395D
CALL_NK225,22250,640,395D
CALL_NK225,22500,590,395D
CALL_NK225,22750,540,395D
CALL_NK225,23000,500,395D
CALL_NK225,23250,460,395D
CALL_NK225,23500,425,395D
CALL_NK225,23750,395,395D
CALL_NK225,24000,365,395D
CALL_NK225,24250,335,395D
CALL_NK225,15000,4740,486D
CALL_NK225,15250,4512,486D
CALL_NK225,15500,4302,486D
CALL_NK225,15750,4102,486D
CALL_NK225,16000,3910,486D
CALL_NK225,16250,3702,486D
CALL_NK225,16500,3511,486D
CALL_NK225,16750,3321,486D
CALL_NK225,17000,3141,486D
CALL_NK225,17250,2971,486D
CALL_NK225,17500,2801,486D
CALL_NK225,17750,2631,486D
CALL_NK225,18000,2481,486D
CALL_NK225,18250,2331,486D
CALL_NK225,18500,2200,486D
CALL_NK225,18750,2050,486D
CALL_NK225,19000,1920,486D
CALL_NK225,19250,1800,486D
CALL_NK225,19500,1680,486D
CALL_NK225,19750,1570,486D
CALL_NK225,20000,1480,486D
CALL_NK225,20250,1380,486D
CALL_NK225,20500,1290,486D
CALL_NK225,20750,1200,486D
CALL_NK225,21000,1120,486D
CALL_NK225,21250,1050,486D
CALL_NK225,21500,975,486D
CALL_NK225,21750,910,486D
CALL_NK225,22000,850,486D
CALL_NK225,22250,790,486D
CALL_NK225,22500,740,486D
CALL_NK225,22750,690,486D
CALL_NK225,23000,645,486D
CALL_NK225,23250,600,486D
CALL_NK225,23500,559,486D
CALL_NK225,23750,525,486D
CALL_NK225,24000,490,486D
CALL_NK225,24250,460,486D
CALL_NK225,14250,5410,577D
CALL_NK225,14500,5174,577D
CALL_NK225,14750,4940,577D
CALL_NK225,15000,4730,577D
CALL_NK225,15250,4530,577D
CALL_NK225,15500,4320,577D
CALL_NK225,15750,4112,577D
CALL_NK225,16000,3930,577D
CALL_NK225,16250,3740,577D
CALL_NK225,16500,3560,577D
CALL_NK225,16750,3380,577D
CALL_NK225,17000,3191,577D
CALL_NK225,17250,3021,577D
CALL_NK225,17500,2861,577D
CALL_NK225,17750,2720,577D
CALL_NK225,18000,2570,577D
CALL_NK225,18250,2411,577D
CALL_NK225,18500,2290,577D
CALL_NK225,18750,2160,577D
CALL_NK225,19000,2020,577D
CALL_NK225,19250,1900,577D
CALL_NK225,19500,1790,577D
CALL_NK225,19750,1680,577D
CALL_NK225,20000,1590,577D
CALL_NK225,20250,1500,577D
CALL_NK225,20500,1410,577D
CALL_NK225,20750,1320,577D
CALL_NK225,21000,1240,577D
CALL_NK225,21250,1170,577D
CALL_NK225,21500,1100,577D
CALL_NK225,21750,1030,577D
CALL_NK225,22000,970,577D
CALL_NK225,22250,910,577D
CALL_NK225,22500,855,577D
CALL_NK225,22750,805,577D
CALL_NK225,23000,760,577D
CALL_NK225,23250,715,577D
CALL_NK225,23500,675,577D
CALL_NK225,23750,635,577D
CALL_NK225,24000,594,577D
CALL_NK225,24250,559,577D
CALL_NK225,14000,5640,759D
CALL_NK225,14250,5436,759D
CALL_NK225,14500,5188,759D
CALL_NK225,14750,4950,759D
CALL_NK225,15000,4760,759D
CALL_NK225,15250,4560,759D
CALL_NK225,15500,4370,759D
CALL_NK225,15750,4180,759D
CALL_NK225,16000,4000,759D
CALL_NK225,16250,3820,759D
CALL_NK225,16500,3650,759D
CALL_NK225,16750,3480,759D
CALL_NK225,17000,3320,759D
CALL_NK225,17250,3160,759D
CALL_NK225,17500,3010,759D
CALL_NK225,17750,2860,759D
CALL_NK225,18000,2730,759D
CALL_NK225,18250,2590,759D
CALL_NK225,18500,2460,759D
CALL_NK225,18750,2340,759D
CALL_NK225,19000,2220,759D
CALL_NK225,19250,2110,759D
CALL_NK225,19500,2000,759D
CALL_NK225,19750,1900,759D
CALL_NK225,20000,1810,759D
CALL_NK225,20250,1710,759D
CALL_NK225,20500,1630,759D
CALL_NK225,20750,1540,759D
CALL_NK225,21000,1470,759D
CALL_NK225,21250,1390,759D
CALL_NK225,21500,1320,759D
CALL_NK225,21750,1260,759D
CALL_NK225,22000,1190,759D
CALL_NK225,22250,1130,759D
CALL_NK225,22500,1080,759D
CALL_NK225,22750,1030,759D
CALL_NK225,23000,975,759D
CALL_NK225,23250,925,759D
CALL_NK225,23500,880,759D
CALL_NK225,23750,840,759D
CALL_NK225,24000,800,759D
CALL_NK225,24250,760,759D
CALL_NK225,14000,5659,941D
CALL_NK225,14250,5449,941D
CALL_NK225,14500,5190,941D
CALL_NK225,14750,5000,941D
CALL_NK225,15000,4810,941D
CALL_NK225,15250,4620,941D
CALL_NK225,15500,4440,941D
CALL_NK225,15750,4260,941D
CALL_NK225,16000,4090,941D
CALL_NK225,16250,3920,941D
CALL_NK225,16500,3760,941D
CALL_NK225,16750,3600,941D
CALL_NK225,17000,3450,941D
CALL_NK225,17250,3300,941D
CALL_NK225,17500,3150,941D
CALL_NK225,17750,3020,941D
CALL_NK225,18000,2880,941D
CALL_NK225,18250,2760,941D
CALL_NK225,18500,2630,941D
CALL_NK225,18750,2520,941D
CALL_NK225,19000,2400,941D
CALL_NK225,19250,2300,941D
CALL_NK225,19500,2190,941D
CALL_NK225,19750,2090,941D
CALL_NK225,20000,2000,941D
CALL_NK225,20250,1910,941D
CALL_NK225,20500,1830,941D
CALL_NK225,20750,1750,941D
CALL_NK225,21000,1670,941D
CALL_NK225,21250,1600,941D
CALL_NK225,21500,1530,941D
CALL_NK225,21750,1460,941D
CALL_NK225,22000,1400,941D
CALL_NK225,22250,1340,941D
CALL_NK225,22500,1280,941D
CALL_NK225,22750,1230,941D
CALL_NK225,23000,1170,941D
CALL_NK225,23250,1120,941D
CALL_NK225,23500,1080,941D
CALL_NK225,23750,1030,941D
CALL_NK225,24000,990,941D
CALL_NK225,24250,950,941D
CALL_NK225,14750,4938,1123D
CALL_NK225,15000,4763,1123D
CALL_NK225,15250,4527,1123D
CALL_NK225,15500,4364,1123D
CALL_NK225,15750,4209,1123D
CALL_NK225,16000,4051,1123D
CALL_NK225,16250,3857,1123D
CALL_NK225,16500,3701,1123D
CALL_NK225,16750,3565,1123D
CALL_NK225,17000,3429,1123D
CALL_NK225,17250,3293,1123D
CALL_NK225,17500,3154,1123D
CALL_NK225,17750,3037,1123D
CALL_NK225,18000,2921,1123D
CALL_NK225,18250,2819,1123D
CALL_NK225,18500,2692,1123D
CALL_NK225,18750,2586,1123D
CALL_NK225,19000,2494,1123D
CALL_NK225,19250,2389,1123D
CALL_NK225,19500,2299,1123D
CALL_NK225,19750,2211,1123D
CALL_NK225,20000,2130,1123D
CALL_NK225,20250,2036,1123D
CALL_NK225,20500,1961,1123D
CALL_NK225,20750,1879,1123D
CALL_NK225,21000,1804,1123D
CALL_NK225,21250,1738,1123D
CALL_NK225,21500,1672,1123D
CALL_NK225,21750,1610,1123D
CALL_NK225,22000,1549,1123D
CALL_NK225,22250,1490,1123D
CALL_NK225,22500,1436,1123D
CALL_NK225,22750,1381,1123D
CALL_NK225,23000,1323,1123D
CALL_NK225,23250,1270,1123D
CALL_NK225,23500,1225,1123D
CALL_NK225,23750,1175,1123D
CALL_NK225,24000,1127,1123D
CALL_NK225,24250,1084,1123D
CALL_NK225,14500,5171,1312D
CALL_NK225,14750,5008,1312D
CALL_NK225,15000,4836,1312D
CALL_NK225,15250,4603,1312D
CALL_NK225,15500,4439,1312D
CALL_NK225,15750,4293,1312D
CALL_NK225,16000,4148,1312D
CALL_NK225,16250,3936,1312D
CALL_NK225,16500,3799,1312D
CALL_NK225,16750,3673,1312D
CALL_NK225,17000,3521,1312D
CALL_NK225,17250,3403,1312D
CALL_NK225,17500,3297,1312D
CALL_NK225,17750,3158,1312D
CALL_NK225,18000,3057,1312D
CALL_NK225,18250,2937,1312D
CALL_NK225,18500,2828,1312D
CALL_NK225,18750,2743,1312D
CALL_NK225,19000,2678,1312D
CALL_NK225,19250,2531,1312D
CALL_NK225,19500,2445,1312D
CALL_NK225,19750,2360,1312D
CALL_NK225,20000,2276,1312D
CALL_NK225,20250,2192,1312D
CALL_NK225,20500,2117,1312D
CALL_NK225,20750,2047,1312D
CALL_NK225,21000,1971,1312D
CALL_NK225,21250,1902,1312D
CALL_NK225,21500,1836,1312D
CALL_NK225,21750,1781,1312D
CALL_NK225,22000,1706,1312D
CALL_NK225,22250,1651,1312D
CALL_NK225,22500,1591,1312D
CALL_NK225,22750,1533,1312D
CALL_NK225,23000,1474,1312D
CALL_NK225,23250,1425,1312D
CALL_NK225,23500,1375,1312D
CALL_NK225,23750,1331,1312D
CALL_NK225,24000,1287,1312D
CALL_NK225,24250,1239,1312D
CALL_NK225,14750,4903,1494D
CALL_NK225,15000,4747,1494D
CALL_NK225,15250,4660,1494D
CALL_NK225,15500,4517,1494D
CALL_NK225,15750,4382,1494D
CALL_NK225,16000,4220,1494D
CALL_NK225,16250,4073,1494D
CALL_NK225,16500,3958,1494D
CALL_NK225,16750,3824,1494D
CALL_NK225,17000,3709,1494D
CALL_NK225,17250,3584,1494D
CALL_NK225,17500,3444,1494D
CALL_NK225,17750,3345,1494D
CALL_NK225,18000,3226,1494D
CALL_NK225,18250,3144,1494D
CALL_NK225,18500,3024,1494D
CALL_NK225,18750,2928,1494D
CALL_NK225,19000,2747,1494D
CALL_NK225,19250,2660,1494D
CALL_NK225,19500,2567,1494D
CALL_NK225,19750,2481,1494D
CALL_NK225,20000,2396,1494D
CALL_NK225,20250,2317,1494D
CALL_NK225,20500,2244,1494D
CALL_NK225,20750,2173,1494D
CALL_NK225,21000,2100,1494D
CALL_NK225,21250,2025,1494D
CALL_NK225,21500,1959,1494D
CALL_NK225,21750,1899,1494D
CALL_NK225,22000,1834,1494D
CALL_NK225,22250,1774,1494D
CALL_NK225,22500,1712,1494D
CALL_NK225,22750,1651,1494D
CALL_NK225,23000,1592,1494D
CALL_NK225,23250,1538,1494D
CALL_NK225,23500,1486,1494D
CALL_NK225,23750,1440,1494D
CALL_NK225,24000,1392,1494D
CALL_NK225,24250,1350,1494D
CALL_NK225,14750,4940,1676D
CALL_NK225,15000,4788,1676D
CALL_NK225,15250,4710,1676D
CALL_NK225,15500,4575,1676D
CALL_NK225,15750,4447,1676D
CALL_NK225,16000,4306,1676D
CALL_NK225,16250,4159,1676D
CALL_NK225,16500,4024,1676D
CALL_NK225,16750,3903,1676D
CALL_NK225,17000,3793,1676D
CALL_NK225,17250,3675,1676D
CALL_NK225,17500,3541,1676D
CALL_NK225,17750,3436,1676D
CALL_NK225,18000,3328,1676D
CALL_NK225,18250,3251,1676D
CALL_NK225,18500,3133,1676D
CALL_NK225,18750,3052,1676D
CALL_NK225,19000,2853,1676D
CALL_NK225,19250,2778,1676D
CALL_NK225,19500,2682,1676D
CALL_NK225,19750,2597,1676D
CALL_NK225,20000,2523,1676D
CALL_NK225,20250,2438,1676D
CALL_NK225,20500,2365,1676D
CALL_NK225,20750,2304,1676D
CALL_NK225,21000,2232,1676D
CALL_NK225,21250,2160,1676D
CALL_NK225,21500,2092,1676D
CALL_NK225,21750,2033,1676D
CALL_NK225,22000,1974,1676D
CALL_NK225,22250,1918,1676D
CALL_NK225,22500,1862,1676D
CALL_NK225,22750,1809,1676D
CALL_NK225,23000,1750,1676D
CALL_NK225,23250,1699,1676D
CALL_NK225,23500,1643,1676D
CALL_NK225,23750,1594,1676D
CALL_NK225,24000,1542,1676D
CALL_NK225,24250,1496,1676D
PUT_NK225,19375,300,31D
PUT_NK225,19500,335,31D
PUT_NK225,19625,395,31D
PUT_NK225,19750,450,31D
PUT_NK225,19875,515,31D
PUT_NK225,20000,595,31D
PUT_NK225,20125,667,31D
PUT_NK225,20250,755,31D
PUT_NK225,20375,845,31D
PUT_NK225,20500,945,31D
PUT_NK225,20625,1045,31D
PUT_NK225,20750,1155,31D
PUT_NK225,20875,1260,31D
PUT_NK225,21000,1375,31D
PUT_NK225,21125,1500,31D
PUT_NK225,21250,1623,31D
PUT_NK225,21375,1750,31D
PUT_NK225,21500,1873,31D
PUT_NK225,21625,2000,31D
PUT_NK225,21750,2123,31D
PUT_NK225,21875,2250,31D
PUT_NK225,22000,2373,31D
PUT_NK225,22125,2500,31D
PUT_NK225,22250,2623,31D
PUT_NK225,22500,2873,31D
PUT_NK225,22750,3123,31D
PUT_NK225,23000,3373,31D
PUT_NK225,19375,465,59D
PUT_NK225,19500,518,59D
PUT_NK225,19625,575,59D
PUT_NK225,19750,638,59D
PUT_NK225,19875,703,59D
PUT_NK225,20000,773,59D
PUT_NK225,20125,848,59D
PUT_NK225,20250,927,59D
PUT_NK225,20375,1010,59D
PUT_NK225,20500,1100,59D
PUT_NK225,20625,1190,59D
PUT_NK225,20750,1285,59D
PUT_NK225,20875,1380,59D
PUT_NK225,21000,1485,59D
PUT_NK225,21125,1585,59D
PUT_NK225,21250,1695,59D
PUT_NK225,21375,1805,59D
PUT_NK225,21500,1915,59D
PUT_NK225,21625,2025,59D
PUT_NK225,21750,2145,59D
PUT_NK225,21875,2263,59D
PUT_NK225,22000,2388,59D
PUT_NK225,22125,2513,59D
PUT_NK225,22250,2638,59D
PUT_NK225,22500,2888,59D
PUT_NK225,22750,3138,59D
PUT_NK225,23000,3388,59D
PUT_NK225,23250,3638,59D
PUT_NK225,23500,3888,59D
PUT_NK225,23750,4138,59D
PUT_NK225,19125,527,94D
PUT_NK225,19250,575,94D
PUT_NK225,19375,625,94D
PUT_NK225,19500,680,94D
PUT_NK225,19625,740,94D
PUT_NK225,19750,803,94D
PUT_NK225,19875,868,94D
PUT_NK225,20000,935,94D
PUT_NK225,20125,1024,94D
PUT_NK225,20250,1110,94D
PUT_NK225,20375,1190,94D
PUT_NK225,20500,1270,94D
PUT_NK225,20625,1354,94D
PUT_NK225,20750,1444,94D
PUT_NK225,20875,1534,94D
PUT_NK225,21000,1634,94D
PUT_NK225,21125,1724,94D
PUT_NK225,21250,1840,94D
PUT_NK225,21375,1934,94D
PUT_NK225,21500,2034,94D
PUT_NK225,21625,2150,94D
PUT_NK225,21750,2254,94D
PUT_NK225,22000,2475,94D
PUT_NK225,22250,2710,94D
PUT_NK225,22500,2940,94D
PUT_NK225,22750,3180,94D
PUT_NK225,23000,3420,94D
PUT_NK225,23250,3660,94D
PUT_NK225,23500,3900,94D
PUT_NK225,23750,4145,94D
PUT_NK225,24000,4385,94D
PUT_NK225,24250,4635,94D
PUT_NK225,19250,700,122D
PUT_NK225,19500,810,122D
PUT_NK225,19750,934,122D
PUT_NK225,20000,1070,122D
PUT_NK225,20250,1214,122D
PUT_NK225,20500,1374,122D
PUT_NK225,20750,1544,122D
PUT_NK225,21000,1734,122D
PUT_NK225,21250,1924,122D
PUT_NK225,21500,2124,122D
PUT_NK225,21750,2324,122D
PUT_NK225,22000,2544,122D
PUT_NK225,22250,2765,122D
PUT_NK225,22500,2985,122D
PUT_NK225,22750,3215,122D
PUT_NK225,23000,3460,122D
PUT_NK225,23250,3685,122D
PUT_NK225,23500,3925,122D
PUT_NK225,23750,4165,122D
PUT_NK225,24000,4405,122D
PUT_NK225,24250,4660,122D
PUT_NK225,19000,720,150D
PUT_NK225,19250,825,150D
PUT_NK225,19500,945,150D
PUT_NK225,19750,1080,150D
PUT_NK225,20000,1220,150D
PUT_NK225,20250,1370,150D
PUT_NK225,20500,1530,150D
PUT_NK225,20750,1700,150D
PUT_NK225,21000,1880,150D
PUT_NK225,21250,2070,150D
PUT_NK225,21500,2270,150D
PUT_NK225,21750,2470,150D
PUT_NK225,22000,2680,150D
PUT_NK225,22250,2890,150D
PUT_NK225,22500,3110,150D
PUT_NK225,22750,3330,150D
PUT_NK225,23000,3540,150D
PUT_NK225,23250,3780,150D
PUT_NK225,23500,4020,150D
PUT_NK225,23750,4270,150D
PUT_NK225,24000,4510,150D
PUT_NK225,24250,4759,150D
PUT_NK225,19000,820,185D
PUT_NK225,19250,930,185D
PUT_NK225,19500,1050,185D
PUT_NK225,19750,1180,185D
PUT_NK225,20000,1320,185D
PUT_NK225,20250,1470,185D
PUT_NK225,20500,1630,185D
PUT_NK225,20750,1800,185D
PUT_NK225,21000,1970,185D
PUT_NK225,21250,2160,185D
PUT_NK225,21500,2350,185D
PUT_NK225,21750,2550,185D
PUT_NK225,22000,2750,185D
PUT_NK225,22250,2960,185D
PUT_NK225,22500,3180,185D
PUT_NK225,22750,3400,185D
PUT_NK225,23000,3620,185D
PUT_NK225,23250,3840,185D
PUT_NK225,23500,4070,185D
PUT_NK225,23750,4280,185D
PUT_NK225,24000,4520,185D
PUT_NK225,24250,4760,185D
PUT_NK225,19000,900,213D
PUT_NK225,19250,1010,213D
PUT_NK225,19500,1130,213D
PUT_NK225,19750,1260,213D
PUT_NK225,20000,1400,213D
PUT_NK225,20250,1550,213D
PUT_NK225,20500,1710,213D
PUT_NK225,20750,1870,213D
PUT_NK225,21000,2050,213D
PUT_NK225,21250,2230,213D
PUT_NK225,21500,2420,213D
PUT_NK225,21750,2610,213D
PUT_NK225,22000,2820,213D
PUT_NK225,22250,3020,213D
PUT_NK225,22500,3230,213D
PUT_NK225,22750,3450,213D
PUT_NK225,23000,3670,213D
PUT_NK225,23250,3890,213D
PUT_NK225,23500,4120,213D
PUT_NK225,23750,4350,213D
PUT_NK225,24000,4580,213D
PUT_NK225,24250,4780,213D
PUT_NK225,19000,970,241D
PUT_NK225,19250,1086,241D
PUT_NK225,19500,1206,241D
PUT_NK225,19750,1335,241D
PUT_NK225,20000,1475,241D
PUT_NK225,20250,1625,241D
PUT_NK225,20500,1785,241D
PUT_NK225,20750,1950,241D
PUT_NK225,21000,2120,241D
PUT_NK225,21250,2305,241D
PUT_NK225,21500,2490,241D
PUT_NK225,21750,2685,241D
PUT_NK225,22000,2880,241D
PUT_NK225,22250,3085,241D
PUT_NK225,22500,3295,241D
PUT_NK225,22750,3510,241D
PUT_NK225,23000,3725,241D
PUT_NK225,23250,3950,241D
PUT_NK225,23500,4170,241D
PUT_NK225,23750,4398,241D
PUT_NK225,24000,4620,241D
PUT_NK225,24250,4850,241D
PUT_NK225,18750,946,276D
PUT_NK225,19000,1056,276D
PUT_NK225,19250,1166,276D
PUT_NK225,19500,1286,276D
PUT_NK225,19750,1426,276D
PUT_NK225,20000,1566,276D
PUT_NK225,20250,1710,276D
PUT_NK225,20500,1865,276D
PUT_NK225,20750,2030,276D
PUT_NK225,21000,2205,276D
PUT_NK225,21250,2380,276D
PUT_NK225,21500,2565,276D
PUT_NK225,21750,2754,276D
PUT_NK225,22000,2950,276D
PUT_NK225,22250,3154,276D
PUT_NK225,22500,3360,276D
PUT_NK225,22750,3565,276D
PUT_NK225,23000,3780,276D
PUT_NK225,23250,3999,276D
PUT_NK225,23500,4215,276D
PUT_NK225,18750,1010,304D
PUT_NK225,19000,1120,304D
PUT_NK225,19250,1236,304D
PUT_NK225,19500,1360,304D
PUT_NK225,19750,1496,304D
PUT_NK225,20000,1636,304D
PUT_NK225,20250,1785,304D
PUT_NK225,20500,1935,304D
PUT_NK225,20750,2100,304D
PUT_NK225,21000,2270,304D
PUT_NK225,21250,2450,304D
PUT_NK225,21500,2630,304D
PUT_NK225,21750,2820,304D
PUT_NK225,22000,3015,304D
PUT_NK225,22250,3215,304D
PUT_NK225,22500,3415,304D
PUT_NK225,22750,3625,304D
PUT_NK225,23000,3835,304D
PUT_NK225,23250,4050,304D
PUT_NK225,23500,4270,304D
PUT_NK225,23750,4490,304D
PUT_NK225,24000,4710,304D
PUT_NK225,24250,4940,304D
PUT_NK225,18500,1130,395D
PUT_NK225,18750,1240,395D
PUT_NK225,19000,1350,395D
PUT_NK225,19250,1480,395D
PUT_NK225,19500,1610,395D
PUT_NK225,19750,1746,395D
PUT_NK225,20000,1890,395D
PUT_NK225,20250,2040,395D
PUT_NK225,20500,2200,395D
PUT_NK225,20750,2360,395D
PUT_NK225,21000,2540,395D
PUT_NK225,21250,2710,395D
PUT_NK225,21500,2890,395D
PUT_NK225,21750,3080,395D
PUT_NK225,22000,3270,395D
PUT_NK225,22250,3467,395D
PUT_NK225,22500,3670,395D
PUT_NK225,22750,3870,395D
PUT_NK225,23000,4080,395D
PUT_NK225,23250,4290,395D
PUT_NK225,23500,4500,395D
PUT_NK225,23750,4710,395D
PUT_NK225,24000,4930,395D
PUT_NK225,24250,5150,395D
PUT_NK225,18500,1300,486D
PUT_NK225,18750,1410,486D
PUT_NK225,19000,1530,486D
PUT_NK225,19250,1660,486D
PUT_NK225,19500,1790,486D
PUT_NK225,19750,1930,486D
PUT_NK225,20000,2080,486D
PUT_NK225,20250,2230,486D
PUT_NK225,20500,2390,486D
PUT_NK225,20750,2550,486D
PUT_NK225,21000,2720,486D
PUT_NK225,21250,2890,486D
PUT_NK225,21500,3070,486D
PUT_NK225,21750,3260,486D
PUT_NK225,22000,3450,486D
PUT_NK225,22250,3640,486D
PUT_NK225,22500,3840,486D
PUT_NK225,22750,4030,486D
PUT_NK225,23000,4240,486D
PUT_NK225,23250,4440,486D
PUT_NK225,23500,4650,486D
PUT_NK225,23750,4870,486D
PUT_NK225,24000,5080,486D
PUT_NK225,24250,5300,486D
PUT_NK225,18500,1480,577D
PUT_NK225,18750,1590,577D
PUT_NK225,19000,1720,577D
PUT_NK225,19250,1850,577D
PUT_NK225,19500,1990,577D
PUT_NK225,19750,2130,577D
PUT_NK225,20000,2280,577D
PUT_NK225,20250,2430,577D
PUT_NK225,20500,2590,577D
PUT_NK225,20750,2760,577D
PUT_NK225,21000,2930,577D
PUT_NK225,21250,3100,577D
PUT_NK225,21500,3280,577D
PUT_NK225,21750,3460,577D
PUT_NK225,22000,3650,577D
PUT_NK225,22250,3840,577D
PUT_NK225,22500,4030,577D
PUT_NK225,22750,4230,577D
PUT_NK225,23000,4430,577D
PUT_NK225,23250,4640,577D
PUT_NK225,23500,4850,577D
PUT_NK225,23750,5050,577D
PUT_NK225,24000,5270,577D
PUT_NK225,24250,5480,577D
PUT_NK225,18250,1680,759D
PUT_NK225,18500,1800,759D
PUT_NK225,18750,1920,759D
PUT_NK225,19000,2050,759D
PUT_NK225,19250,2190,759D
PUT_NK225,19500,2330,759D
PUT_NK225,19750,2480,759D
PUT_NK225,20000,2630,759D
PUT_NK225,20250,2790,759D
PUT_NK225,20500,2950,759D
PUT_NK225,20750,3120,759D
PUT_NK225,21000,3290,759D
PUT_NK225,21250,3470,759D
PUT_NK225,21500,3640,759D
PUT_NK225,21750,3830,759D
PUT_NK225,22000,4010,759D
PUT_NK225,22250,4200,759D
PUT_NK225,22500,4390,759D
PUT_NK225,22750,4590,759D
PUT_NK225,23000,4790,759D
PUT_NK225,23250,4990,759D
PUT_NK225,23500,5190,759D
PUT_NK225,23750,5400,759D
PUT_NK225,24000,5610,759D
PUT_NK225,24250,5820,759D
PUT_NK225,18000,1830,941D
PUT_NK225,18250,1950,941D
PUT_NK225,18500,2080,941D
PUT_NK225,18750,2210,941D
PUT_NK225,19000,2340,941D
PUT_NK225,19250,2490,941D
PUT_NK225,19500,2630,941D
PUT_NK225,19750,2780,941D
PUT_NK225,20000,2940,941D
PUT_NK225,20250,3100,941D
PUT_NK225,20500,3260,941D
PUT_NK225,20750,3430,941D
PUT_NK225,21000,3600,941D
PUT_NK225,21250,3770,941D
PUT_NK225,21500,3950,941D
PUT_NK225,21750,4130,941D
PUT_NK225,22000,4320,941D
PUT_NK225,22250,4510,941D
PUT_NK225,22500,4700,941D
PUT_NK225,22750,4890,941D
PUT_NK225,23000,5090,941D
PUT_NK225,23250,5290,941D
PUT_NK225,23500,5490,941D
PUT_NK225,23750,5690,941D
PUT_NK225,24000,5900,941D
PUT_NK225,24250,6110,941D
PUT_NK225,17750,1882,1123D
PUT_NK225,18000,2013,1123D
PUT_NK225,18250,2151,1123D
PUT_NK225,18500,2280,1123D
PUT_NK225,18750,2420,1123D
PUT_NK225,19000,2577,1123D
PUT_NK225,19250,2725,1123D
PUT_NK225,19500,2880,1123D
PUT_NK225,19750,3045,1123D
PUT_NK225,20000,3211,1123D
PUT_NK225,20250,3360,1123D
PUT_NK225,20500,3530,1123D
PUT_NK225,20750,3697,1123D
PUT_NK225,21000,3872,1123D
PUT_NK225,21250,4060,1123D
PUT_NK225,21500,4226,1123D
PUT_NK225,21750,4422,1123D
PUT_NK225,22000,4609,1123D
PUT_NK225,22250,4795,1123D
PUT_NK225,22500,4992,1123D
PUT_NK225,22750,5189,1123D
PUT_NK225,23000,5376,1123D
PUT_NK225,23250,5573,1123D
PUT_NK225,23500,5770,1123D
PUT_NK225,23750,5968,1123D
PUT_NK225,24000,6166,1123D
PUT_NK225,24250,6366,1123D
PUT_NK225,17750,2110,1312D
PUT_NK225,18000,2248,1312D
PUT_NK225,18250,2384,1312D
PUT_NK225,18500,2527,1312D
PUT_NK225,18750,2672,1312D
PUT_NK225,19000,2872,1312D
PUT_NK225,19250,2967,1312D
PUT_NK225,19500,3133,1312D
PUT_NK225,19750,3289,1312D
PUT_NK225,20000,3455,1312D
PUT_NK225,20250,3621,1312D
PUT_NK225,20500,3789,1312D
PUT_NK225,20750,3970,1312D
PUT_NK225,21000,4139,1312D
PUT_NK225,21250,4313,1312D
PUT_NK225,21500,4503,1312D
PUT_NK225,21750,4699,1312D
PUT_NK225,22000,4866,1312D
PUT_NK225,22250,5063,1312D
PUT_NK225,22500,5250,1312D
PUT_NK225,22750,5437,1312D
PUT_NK225,23000,5625,1312D
PUT_NK225,23250,5822,1312D
PUT_NK225,23500,6019,1312D
PUT_NK225,23750,6227,1312D
PUT_NK225,24000,6431,1312D
PUT_NK225,24250,6634,1312D
PUT_NK225,17500,2274,1494D
PUT_NK225,17750,2414,1494D
PUT_NK225,18000,2548,1494D
PUT_NK225,18250,2712,1494D
PUT_NK225,18500,2840,1494D
PUT_NK225,18750,2982,1494D
PUT_NK225,19000,3056,1494D
PUT_NK225,19250,3219,1494D
PUT_NK225,19500,3372,1494D
PUT_NK225,19750,3538,1494D
PUT_NK225,20000,3694,1494D
PUT_NK225,20250,3869,1494D
PUT_NK225,20500,4037,1494D
PUT_NK225,20750,4214,1494D
PUT_NK225,21000,4389,1494D
PUT_NK225,21250,4560,1494D
PUT_NK225,21500,4739,1494D
PUT_NK225,21750,4929,1494D
PUT_NK225,22000,5109,1494D
PUT_NK225,22250,5295,1494D
PUT_NK225,22500,5482,1494D
PUT_NK225,22750,5670,1494D
PUT_NK225,23000,5858,1494D
PUT_NK225,23250,6055,1494D
PUT_NK225,23500,6253,1494D
PUT_NK225,23750,6451,1494D
PUT_NK225,24000,6646,1494D
PUT_NK225,24250,6845,1494D
PUT_NK225,17500,2472,1676D
PUT_NK225,17750,2614,1676D
PUT_NK225,18000,2756,1676D
PUT_NK225,18250,2931,1676D
PUT_NK225,18500,3052,1676D
PUT_NK225,18750,3211,1676D
PUT_NK225,19000,3270,1676D
PUT_NK225,19250,3439,1676D
PUT_NK225,19500,3591,1676D
PUT_NK225,19750,3749,1676D
PUT_NK225,20000,3925,1676D
PUT_NK225,20250,4092,1676D
PUT_NK225,20500,4260,1676D
PUT_NK225,20750,4447,1676D
PUT_NK225,21000,4615,1676D
PUT_NK225,21250,4794,1676D
PUT_NK225,21500,4978,1676D
PUT_NK225,21750,5166,1676D
PUT_NK225,22000,5353,1676D
PUT_NK225,22250,5540,1676D
PUT_NK225,22500,5738,1676D
PUT_NK225,22750,5926,1676D
PUT_NK225,23000,6113,1676D
PUT_NK225,23250,6311,1676D
PUT_NK225,23500,6499,1676D
PUT_NK225,23750,6697,1676D
PUT_NK225,24000,6891,1676D
PUT_NK225,24250,7094,1676D
