name,strike,vol,maturity
CALL_NK225,4000,258.68,31D
CALL_NK225,4500,239.8297,31D
CALL_NK225,5000,223.1172,31D
CALL_NK225,5500,208.1072,31D
CALL_NK225,6000,194.4836,31D
CALL_NK225,6500,182.0092,31D
CALL_NK225,7000,170.5017,31D
CALL_NK225,7500,159.8183,31D
CALL_NK225,8000,149.8446,31D
CALL_NK225,8500,140.4877,31D
CALL_NK225,9000,131.6713,31D
CALL_NK225,9250,127.4453,31D
CALL_NK225,9500,123.3314,31D
CALL_NK225,9750,119.3231,31D
CALL_NK225,10000,115.4144,31D
CALL_NK225,10250,111.5998,31D
CALL_NK225,10500,107.8742,31D
CALL_NK225,10750,104.2328,31D
CALL_NK225,11000,100.6712,31D
CALL_NK225,11250,97.1853,31D
CALL_NK225,11500,93.7711,31D
CALL_NK225,11750,90.425,31D
CALL_NK225,12000,87.1436,31D
CALL_NK225,12250,83.9234,31D
CALL_NK225,12500,80.7616,31D
CALL_NK225,12750,77.655,31D
CALL_NK225,13000,74.601,31D
CALL_NK225,13250,71.5967,31D
CALL_NK225,13500,68.6396,31D
CALL_NK225,13750,65.7272,31D
CALL_NK225,14000,62.8571,31D
CALL_NK225,14250,60.0269,31D
CALL_NK225,14500,57.2343,31D
CALL_NK225,14750,54.4769,31D
CALL_NK225,15000,51.7524,31D
CALL_NK225,15250,49.0586,31D
CALL_NK225,15500,47.4886,31D
CALL_NK225,15750,45.7868,31D
CALL_NK225,16000,43.0819,31D
CALL_NK225,16250,40.3975,31D
CALL_NK225,16500,37.7306,31D
CALL_NK225,16750,35.078,31D
CALL_NK225,17000,32.4358,31D
CALL_NK225,17125,31.8266,31D
CALL_NK225,17250,31.1461,31D
CALL_NK225,17375,30.4011,31D
CALL_NK225,17500,29.0246,31D
CALL_NK225,17625,27.6464,31D
CALL_NK225,17750,26.8023,31D
CALL_NK225,17875,26.3897,31D
CALL_NK225,18000,25.8545,31D
CALL_NK225,18125,24.7963,31D
CALL_NK225,18250,24.0824,31D
CALL_NK225,18375,23.2726,31D
CALL_NK225,18500,22.7102,31D
CALL_NK225,18625,22.3286,31D
CALL_NK225,18750,21.783,31D
CALL_NK225,18875,21.2224,31D
CALL_NK225,19000,20.7591,31D
CALL_NK225,19125,20.2361,31D
CALL_NK225,19250,19.8759,31D
CALL_NK225,19375,19.4152,31D
CALL_NK225,19500,19.287,31D
CALL_NK225,19625,19.0244,31D
CALL_NK225,19750,18.732,31D
CALL_NK225,19875,18.6252,31D
CALL_NK225,20000,18.2553,31D
CALL_NK225,20125,17.5895,31D
CALL_NK225,20250,17.6075,31D
CALL_NK225,20375,17.6338,31D
CALL_NK225,20500,17.3885,31D
CALL_NK225,20625,17.1511,31D
CALL_NK225,20750,17.3546,31D
CALL_NK225,20875,17.3341,31D
CALL_NK225,21000,17.019,31D
CALL_NK225,21125,17.2983,31D
CALL_NK225,21250,17.105,31D
CALL_NK225,21375,17.0776,31D
CALL_NK225,21500,17.4082,31D
CALL_NK225,21625,17.0786,31D
CALL_NK225,21750,17.3002,31D
CALL_NK225,21875,17.7492,31D
CALL_NK225,22000,17.426,31D
CALL_NK225,22125,17.8889,31D
CALL_NK225,22250,17.1206,31D
CALL_NK225,22500,18.456,31D
CALL_NK225,22750,19.1633,31D
CALL_NK225,23000,19.6955,31D
CALL_NK225,10500,78.7594,59D
CALL_NK225,10750,76.0916,59D
CALL_NK225,11000,73.4825,59D
CALL_NK225,11250,70.9292,59D
CALL_NK225,11500,69.7565,59D
CALL_NK225,11750,67.2685,59D
CALL_NK225,12000,64.8286,59D
CALL_NK225,12250,62.4346,59D
CALL_NK225,12500,60.0841,59D
CALL_NK225,12750,57.7748,59D
CALL_NK225,13000,55.5048,59D
CALL_NK225,13250,53.2719,59D
CALL_NK225,13500,51.0742,59D
CALL_NK225,13750,48.9098,59D
CALL_NK225,14000,46.7769,59D
CALL_NK225,14250,45.5561,59D
CALL_NK225,14500,44.2548,59D
CALL_NK225,14750,42.147,59D
CALL_NK225,15000,40.0639,59D
CALL_NK225,15250,38.004,59D
CALL_NK225,15500,35.9651,59D
CALL_NK225,15750,35.1807,59D
CALL_NK225,16000,33.1268,59D
CALL_NK225,16250,32.1336,59D
CALL_NK225,16500,30.0606,59D
CALL_NK225,16750,28.8894,59D
CALL_NK225,17000,27.5931,59D
CALL_NK225,17250,26.1839,59D
CALL_NK225,17375,26.1088,59D
CALL_NK225,17500,25.3099,59D
CALL_NK225,17625,25.0833,59D
CALL_NK225,17750,24.2126,59D
CALL_NK225,17875,23.8562,59D
CALL_NK225,18000,23.425,59D
CALL_NK225,18125,22.9246,59D
CALL_NK225,18250,22.5852,59D
CALL_NK225,18375,22.1613,59D
CALL_NK225,18500,21.8625,59D
CALL_NK225,18625,21.6646,59D
CALL_NK225,18750,21.1746,59D
CALL_NK225,18875,20.9587,59D
CALL_NK225,19000,20.6336,59D
CALL_NK225,19125,20.4562,59D
CALL_NK225,19250,20.1621,59D
CALL_NK225,19375,19.9152,59D
CALL_NK225,19500,19.708,59D
CALL_NK225,19625,19.4558,59D
CALL_NK225,19750,19.235,59D
CALL_NK225,19875,19.1233,59D
CALL_NK225,20000,18.8791,59D
CALL_NK225,20125,18.5781,59D
CALL_NK225,20250,18.6439,59D
CALL_NK225,20375,18.7608,59D
CALL_NK225,20500,18.1998,59D
CALL_NK225,20625,18.4302,59D
CALL_NK225,20750,18.2446,59D
CALL_NK225,20875,18.2361,59D
CALL_NK225,21000,18.2147,59D
CALL_NK225,21125,17.9295,59D
CALL_NK225,21250,18.0275,59D
CALL_NK225,21375,18.1674,59D
CALL_NK225,21500,17.867,59D
CALL_NK225,21625,18.1267,59D
CALL_NK225,21750,17.8983,59D
CALL_NK225,21875,18.0984,59D
CALL_NK225,22000,18.0121,59D
CALL_NK225,22125,18.0155,59D
CALL_NK225,22250,18.0314,59D
CALL_NK225,22500,18.2044,59D
CALL_NK225,22750,18.285,59D
CALL_NK225,23000,18.3334,59D
CALL_NK225,23250,18.4953,59D
CALL_NK225,23500,18.8001,59D
CALL_NK225,23750,18.8395,59D
CALL_NK225,12750,39.8789,94D
CALL_NK225,13000,38.2484,94D
CALL_NK225,13250,39.1135,94D
CALL_NK225,13500,37.4613,94D
CALL_NK225,13750,35.8353,94D
CALL_NK225,14000,34.234,94D
CALL_NK225,14250,32.6561,94D
CALL_NK225,14500,32.7705,94D
CALL_NK225,14750,31.1759,94D
CALL_NK225,15000,29.601,94D
CALL_NK225,15250,29.3217,94D
CALL_NK225,15500,27.7322,94D
CALL_NK225,15750,27.2058,94D
CALL_NK225,16000,26.5174,94D
CALL_NK225,16250,25.6992,94D
CALL_NK225,16500,24.7724,94D
CALL_NK225,16750,24.3807,94D
CALL_NK225,17000,23.7782,94D
CALL_NK225,17250,23.0036,94D
CALL_NK225,17375,22.7931,94D
CALL_NK225,17500,22.5245,94D
CALL_NK225,17625,22.2031,94D
CALL_NK225,17750,21.8326,94D
CALL_NK225,17875,21.7942,94D
CALL_NK225,18000,21.3182,94D
CALL_NK225,18125,21.1468,94D
CALL_NK225,18250,20.9076,94D
CALL_NK225,18375,20.9211,94D
CALL_NK225,18500,20.5476,94D
CALL_NK225,18625,20.4111,94D
CALL_NK225,18750,20.2008,94D
CALL_NK225,18875,19.9201,94D
CALL_NK225,19000,19.8405,94D
CALL_NK225,19125,19.785,94D
CALL_NK225,19250,19.9644,94D
CALL_NK225,19375,19.7741,94D
CALL_NK225,19500,19.8238,94D
CALL_NK225,19625,19.6666,94D
CALL_NK225,19750,19.5564,94D
CALL_NK225,19875,19.4292,94D
CALL_NK225,20000,19.2847,94D
CALL_NK225,20125,19.2512,94D
CALL_NK225,20250,19.0067,94D
CALL_NK225,20375,18.9412,94D
CALL_NK225,20500,18.9307,94D
CALL_NK225,20625,18.8412,94D
CALL_NK225,20750,18.8137,94D
CALL_NK225,20875,18.7823,94D
CALL_NK225,21000,18.6711,94D
CALL_NK225,21125,18.638,94D
CALL_NK225,21250,18.6118,94D
CALL_NK225,21375,18.5983,94D
CALL_NK225,21500,18.5077,94D
CALL_NK225,21625,18.6391,94D
CALL_NK225,21750,18.4945,94D
CALL_NK225,22000,18.5367,94D
CALL_NK225,22250,18.4234,94D
CALL_NK225,22500,18.6432,94D
CALL_NK225,22750,18.5191,94D
CALL_NK225,23000,18.717,94D
CALL_NK225,23250,18.4958,94D
CALL_NK225,23500,18.5251,94D
CALL_NK225,23750,18.6781,94D
CALL_NK225,24000,18.6218,94D
CALL_NK225,24250,18.6674,94D
CALL_NK225,10000,52.5,122D
CALL_NK225,10250,50.6687,122D
CALL_NK225,10500,48.882,122D
CALL_NK225,10750,47.2077,122D
CALL_NK225,11000,45.6821,122D
CALL_NK225,11250,44.0209,122D
CALL_NK225,11500,46.9957,122D
CALL_NK225,11750,45.2797,122D
CALL_NK225,12000,38.9824,122D
CALL_NK225,12250,41.9494,122D
CALL_NK225,12500,40.3318,122D
CALL_NK225,12750,38.7438,122D
CALL_NK225,13000,34.5013,122D
CALL_NK225,13250,35.1047,122D
CALL_NK225,13500,33.6123,122D
CALL_NK225,13750,32.1441,122D
CALL_NK225,14000,32.168,122D
CALL_NK225,14250,30.6976,122D
CALL_NK225,14500,30.443,122D
CALL_NK225,14750,28.9723,122D
CALL_NK225,15000,28.5187,122D
CALL_NK225,15250,27.0477,122D
CALL_NK225,15500,26.4412,122D
CALL_NK225,15750,25.7266,122D
CALL_NK225,16000,24.9217,122D
CALL_NK225,16250,24.634,122D
CALL_NK225,16500,24.1628,122D
CALL_NK225,16750,23.5432,122D
CALL_NK225,17000,22.7976,122D
CALL_NK225,17250,22.3317,122D
CALL_NK225,17500,22.0535,122D
CALL_NK225,17750,21.5742,122D
CALL_NK225,18000,21.2168,122D
CALL_NK225,18250,20.6607,122D
CALL_NK225,18500,20.4406,122D
CALL_NK225,18750,20.2375,122D
CALL_NK225,19000,19.8021,122D
CALL_NK225,19250,19.5985,122D
CALL_NK225,19500,19.375,122D
CALL_NK225,19750,19.4951,122D
CALL_NK225,20000,19.0924,122D
CALL_NK225,20250,18.9907,122D
CALL_NK225,20500,18.8938,122D
CALL_NK225,20750,18.7888,122D
CALL_NK225,21000,18.9496,122D
CALL_NK225,21250,18.744,122D
CALL_NK225,21500,18.7102,122D
CALL_NK225,21750,18.6515,122D
CALL_NK225,22000,18.6802,122D
CALL_NK225,22250,18.6902,122D
CALL_NK225,22500,18.7067,122D
CALL_NK225,22750,18.7664,122D
CALL_NK225,23000,18.8642,122D
CALL_NK225,23250,18.9109,122D
CALL_NK225,23500,19.1145,122D
CALL_NK225,23750,18.9564,122D
CALL_NK225,24000,19.0709,122D
CALL_NK225,24250,19.1535,122D
CALL_NK225,12750,42.6449,150D
CALL_NK225,13000,41.0008,150D
CALL_NK225,13250,39.3836,150D
CALL_NK225,13500,37.7917,150D
CALL_NK225,13750,36.2237,150D
CALL_NK225,14000,25.0937,150D
CALL_NK225,14250,30.8704,150D
CALL_NK225,14500,30.2174,150D
CALL_NK225,14750,28.778,150D
CALL_NK225,15000,27.3557,150D
CALL_NK225,15250,26.6115,150D
CALL_NK225,15500,26.3836,150D
CALL_NK225,15750,25.4748,150D
CALL_NK225,16000,25.0038,150D
CALL_NK225,16250,24.342,150D
CALL_NK225,16500,23.7226,150D
CALL_NK225,16750,23.2832,150D
CALL_NK225,17000,22.7577,150D
CALL_NK225,17250,22.3962,150D
CALL_NK225,17500,21.882,150D
CALL_NK225,17750,21.4989,150D
CALL_NK225,18000,21.2074,150D
CALL_NK225,18250,20.7427,150D
CALL_NK225,18500,20.5561,150D
CALL_NK225,18750,20.1982,150D
CALL_NK225,19000,20.0476,150D
CALL_NK225,19250,19.7354,150D
CALL_NK225,19500,19.6129,150D
CALL_NK225,19750,19.4894,150D
CALL_NK225,20000,19.3659,150D
CALL_NK225,20250,19.2454,150D
CALL_NK225,20500,19.1333,150D
CALL_NK225,20750,19.038,150D
CALL_NK225,21000,19.088,150D
CALL_NK225,21250,19.0753,150D
CALL_NK225,21500,19.0038,150D
CALL_NK225,21750,19.0186,150D
CALL_NK225,22000,19.0063,150D
CALL_NK225,22250,19.1038,150D
CALL_NK225,22500,19.1396,150D
CALL_NK225,22750,19.1603,150D
CALL_NK225,23000,19.2418,150D
CALL_NK225,23250,19.1753,150D
CALL_NK225,23500,19.213,150D
CALL_NK225,23750,19.4219,150D
CALL_NK225,24000,19.4798,150D
CALL_NK225,24250,19.4311,150D
CALL_NK225,14000,21.9512,185D
CALL_NK225,14250,29.6481,185D
CALL_NK225,14500,28.2967,185D
CALL_NK225,14750,27.5524,185D
CALL_NK225,15000,26.2141,185D
CALL_NK225,15250,25.4191,185D
CALL_NK225,15500,25.0574,185D
CALL_NK225,15750,24.5834,185D
CALL_NK225,16000,24.0148,185D
CALL_NK225,16250,23.7242,185D
CALL_NK225,16500,22.9749,185D
CALL_NK225,16750,22.7778,185D
CALL_NK225,17000,22.1524,185D
CALL_NK225,17250,21.7039,185D
CALL_NK225,17500,21.3876,185D
CALL_NK225,17750,21.1682,185D
CALL_NK225,18000,20.8005,185D
CALL_NK225,18250,20.5057,185D
CALL_NK225,18500,20.2645,185D
CALL_NK225,18750,20.0628,185D
CALL_NK225,19000,19.8907,185D
CALL_NK225,19250,19.7416,185D
CALL_NK225,19500,19.6115,185D
CALL_NK225,19750,19.4088,185D
CALL_NK225,20000,19.3143,185D
CALL_NK225,20250,19.2405,185D
CALL_NK225,20500,19.1927,185D
CALL_NK225,20750,19.1794,185D
CALL_NK225,21000,19.0099,185D
CALL_NK225,21250,19.0949,185D
CALL_NK225,21500,19.0379,185D
CALL_NK225,21750,19.0619,185D
CALL_NK225,22000,19.0692,185D
CALL_NK225,22250,19.0695,185D
CALL_NK225,22500,19.1871,185D
CALL_NK225,22750,19.2249,185D
CALL_NK225,23000,19.1695,185D
CALL_NK225,23250,19.3059,185D
CALL_NK225,23500,19.3395,185D
CALL_NK225,23750,19.4417,185D
CALL_NK225,24000,19.4862,185D
CALL_NK225,24250,19.4571,185D
CALL_NK225,4000,114.0538,213D
CALL_NK225,4500,105.5674,213D
CALL_NK225,5000,98.0692,213D
CALL_NK225,5500,91.3545,213D
CALL_NK225,6000,88.3948,213D
CALL_NK225,6500,84.0326,213D
CALL_NK225,7000,78.6901,213D
CALL_NK225,7500,73.7415,213D
CALL_NK225,8000,67.97,213D
CALL_NK225,8500,63.7105,213D
CALL_NK225,9000,59.7035,213D
CALL_NK225,9250,57.7851,213D
CALL_NK225,9500,55.9188,213D
CALL_NK225,9750,54.1017,213D
CALL_NK225,10000,52.331,213D
CALL_NK225,10250,50.604,213D
CALL_NK225,10500,48.9184,213D
CALL_NK225,10750,47.2718,213D
CALL_NK225,11000,45.6623,213D
CALL_NK225,11250,44.0878,213D
CALL_NK225,11500,42.5466,213D
CALL_NK225,11750,41.0368,213D
CALL_NK225,12000,39.557,213D
CALL_NK225,12250,38.1055,213D
CALL_NK225,12500,37.4151,213D
CALL_NK225,12750,35.9964,213D
CALL_NK225,13000,34.602,213D
CALL_NK225,13250,33.2308,213D
CALL_NK225,13500,34.3276,213D
CALL_NK225,13750,33.4585,213D
CALL_NK225,14000,19.4237,213D
CALL_NK225,14250,28.0987,213D
CALL_NK225,14500,27.2199,213D
CALL_NK225,14750,26.0627,213D
CALL_NK225,15000,25.2019,213D
CALL_NK225,15250,24.8587,213D
CALL_NK225,15500,24.4145,213D
CALL_NK225,15750,23.8849,213D
CALL_NK225,16000,23.2811,213D
CALL_NK225,16250,22.9336,213D
CALL_NK225,16500,22.4812,213D
CALL_NK225,16750,22.2122,213D
CALL_NK225,17000,21.8242,213D
CALL_NK225,17250,21.57,213D
CALL_NK225,17500,21.1923,213D
CALL_NK225,17750,20.9151,213D
CALL_NK225,18000,20.5135,213D
CALL_NK225,18250,20.3804,213D
CALL_NK225,18500,20.107,213D
CALL_NK225,18750,19.8809,213D
CALL_NK225,19000,19.6472,213D
CALL_NK225,19250,19.6966,213D
CALL_NK225,19500,19.5622,213D
CALL_NK225,19750,19.455,213D
CALL_NK225,20000,19.3063,213D
CALL_NK225,20250,19.2578,213D
CALL_NK225,20500,19.244,213D
CALL_NK225,20750,19.1832,213D
CALL_NK225,21000,18.9088,213D
CALL_NK225,21250,19.1189,213D
CALL_NK225,21500,19.1346,213D
CALL_NK225,21750,19.1299,213D
CALL_NK225,22000,19.1108,213D
CALL_NK225,22250,19.2025,213D
CALL_NK225,22500,19.1861,213D
CALL_NK225,22750,19.2905,213D
CALL_NK225,23000,19.3267,213D
CALL_NK225,23250,19.4112,213D
CALL_NK225,23500,19.4298,213D
CALL_NK225,23750,19.4912,213D
CALL_NK225,24000,19.4575,213D
CALL_NK225,24250,19.5316,213D
CALL_NK225,15250,24.51,241D
CALL_NK225,15500,23.9931,241D
CALL_NK225,15750,23.4106,241D
CALL_NK225,16000,23.0782,241D
CALL_NK225,16250,22.6513,241D
CALL_NK225,16500,22.1883,241D
CALL_NK225,16750,21.8059,241D
CALL_NK225,17000,21.6039,241D
CALL_NK225,17250,21.2861,241D
CALL_NK225,17500,20.8864,241D
CALL_NK225,17750,20.7388,241D
CALL_NK225,18000,20.4874,241D
CALL_NK225,18250,20.13,241D
CALL_NK225,18500,19.996,241D
CALL_NK225,18750,19.9016,241D
CALL_NK225,19000,19.8481,241D
CALL_NK225,19250,19.6668,241D
CALL_NK225,19500,19.5149,241D
CALL_NK225,19750,19.4,241D
CALL_NK225,20000,19.3283,241D
CALL_NK225,20250,19.2849,241D
CALL_NK225,20500,19.1878,241D
CALL_NK225,20750,19.2431,241D
CALL_NK225,21000,19.1704,241D
CALL_NK225,21250,19.1384,241D
CALL_NK225,21500,19.2087,241D
CALL_NK225,21750,19.2519,241D
CALL_NK225,22000,19.1706,241D
CALL_NK225,22250,19.2067,241D
CALL_NK225,22500,19.2544,241D
CALL_NK225,22750,19.3242,241D
CALL_NK225,23000,19.4522,241D
CALL_NK225,23250,19.4507,241D
CALL_NK225,23500,19.548,241D
CALL_NK225,23750,19.5138,241D
CALL_NK225,24000,19.5776,241D
CALL_NK225,24250,19.7237,241D
CALL_NK225,15250,23.9515,276D
CALL_NK225,15500,23.6263,276D
CALL_NK225,15750,23.073,276D
CALL_NK225,16000,22.6706,276D
CALL_NK225,16250,22.3986,276D
CALL_NK225,16500,21.8894,276D
CALL_NK225,16750,21.6821,276D
CALL_NK225,17000,21.4113,276D
CALL_NK225,17250,21.0459,276D
CALL_NK225,17500,20.7826,276D
CALL_NK225,17750,20.6008,276D
CALL_NK225,18000,20.3268,276D
CALL_NK225,18250,20.1034,276D
CALL_NK225,18500,19.9359,276D
CALL_NK225,18750,19.8161,276D
CALL_NK225,19000,19.7366,276D
CALL_NK225,19250,19.6998,276D
CALL_NK225,19500,19.5493,276D
CALL_NK225,19750,19.439,276D
CALL_NK225,20000,19.3682,276D
CALL_NK225,20250,19.3465,276D
CALL_NK225,20500,19.2884,276D
CALL_NK225,20750,19.279,276D
CALL_NK225,21000,19.3253,276D
CALL_NK225,21250,19.2742,276D
CALL_NK225,21500,19.2895,276D
CALL_NK225,21750,19.2967,276D
CALL_NK225,22000,19.3911,276D
CALL_NK225,22250,19.4017,276D
CALL_NK225,22500,19.4221,276D
CALL_NK225,22750,19.4603,276D
CALL_NK225,23000,19.5259,276D
CALL_NK225,23250,19.6305,276D
CALL_NK225,23500,19.6651,276D
CALL_NK225,10500,43.5328,304D
CALL_NK225,10750,42.0773,304D
CALL_NK225,11000,40.6546,304D
CALL_NK225,11250,39.2632,304D
CALL_NK225,11500,37.9012,304D
CALL_NK225,11750,36.5671,304D
CALL_NK225,12000,35.2596,304D
CALL_NK225,12250,33.9772,304D
CALL_NK225,12500,32.7186,304D
CALL_NK225,12750,31.4826,304D
CALL_NK225,13000,30.268,304D
CALL_NK225,13250,29.2263,304D
CALL_NK225,13500,28.0288,304D
CALL_NK225,13750,27.7067,304D
CALL_NK225,14000,26.5877,304D
CALL_NK225,14250,25.7492,304D
CALL_NK225,14500,25.1,304D
CALL_NK225,14750,24.5726,304D
CALL_NK225,15000,24.1808,304D
CALL_NK225,15250,23.8667,304D
CALL_NK225,15500,23.2677,304D
CALL_NK225,15750,22.895,304D
CALL_NK225,16000,22.5067,304D
CALL_NK225,16250,22.1813,304D
CALL_NK225,16500,21.8261,304D
CALL_NK225,16750,21.6023,304D
CALL_NK225,17000,21.288,304D
CALL_NK225,17250,21.0769,304D
CALL_NK225,17500,20.7733,304D
CALL_NK225,17750,20.5531,304D
CALL_NK225,18000,20.4019,304D
CALL_NK225,18250,20.1522,304D
CALL_NK225,18500,19.9708,304D
CALL_NK225,18750,19.829,304D
CALL_NK225,19000,19.7331,304D
CALL_NK225,19250,19.6777,304D
CALL_NK225,19500,19.5259,304D
CALL_NK225,19750,19.5558,304D
CALL_NK225,20000,19.4875,304D
CALL_NK225,20250,19.4642,304D
CALL_NK225,20500,19.4236,304D
CALL_NK225,20750,19.3497,304D
CALL_NK225,21000,19.4195,304D
CALL_NK225,21250,19.3952,304D
CALL_NK225,21500,19.4387,304D
CALL_NK225,21750,19.3874,304D
CALL_NK225,22000,19.4272,304D
CALL_NK225,22250,19.4748,304D
CALL_NK225,22500,19.5501,304D
CALL_NK225,22750,19.5246,304D
CALL_NK225,23000,19.6487,304D
CALL_NK225,23250,19.6783,304D
CALL_NK225,23500,19.7802,304D
CALL_NK225,23750,19.7868,304D
CALL_NK225,24000,19.8648,304D
CALL_NK225,24250,19.883,304D
CALL_NK225,4000,83.7046,395D
CALL_NK225,4500,77.3535,395D
CALL_NK225,5000,75.5332,395D
CALL_NK225,5500,70.2906,395D
CALL_NK225,6000,65.5495,395D
CALL_NK225,6500,61.2222,395D
CALL_NK225,7000,58.1584,395D
CALL_NK225,7500,55.2623,395D
CALL_NK225,8000,50.9541,395D
CALL_NK225,8500,47.7031,395D
CALL_NK225,9000,45.3675,395D
CALL_NK225,9250,44.5638,395D
CALL_NK225,9500,43.109,395D
CALL_NK225,9750,43.494,395D
CALL_NK225,10000,42.0718,395D
CALL_NK225,10250,40.1317,395D
CALL_NK225,10500,38.7917,395D
CALL_NK225,10750,38.0104,395D
CALL_NK225,11000,37.2184,395D
CALL_NK225,11250,36.4173,395D
CALL_NK225,11500,35.1577,395D
CALL_NK225,11750,35.2118,395D
CALL_NK225,12000,34.3712,395D
CALL_NK225,12250,33.5267,395D
CALL_NK225,12500,32.3127,395D
CALL_NK225,12750,31.477,395D
CALL_NK225,13000,30.6374,395D
CALL_NK225,13250,29.4668,395D
CALL_NK225,13500,28.3145,395D
CALL_NK225,13750,27.1794,395D
CALL_NK225,14000,26.1178,395D
CALL_NK225,14250,25.0955,395D
CALL_NK225,14500,24.742,395D
CALL_NK225,14750,23.3415,395D
CALL_NK225,15000,23.2877,395D
CALL_NK225,15250,22.9055,395D
CALL_NK225,15500,22.2825,395D
CALL_NK225,15750,22.019,395D
CALL_NK225,16000,21.6887,395D
CALL_NK225,16250,21.6498,395D
CALL_NK225,16500,21.209,395D
CALL_NK225,16750,21.1867,395D
CALL_NK225,17000,20.9311,395D
CALL_NK225,17250,20.7606,395D
CALL_NK225,17500,20.3749,395D
CALL_NK225,17750,20.2038,395D
CALL_NK225,18000,20.0949,395D
CALL_NK225,18250,19.9063,395D
CALL_NK225,18500,20.0351,395D
CALL_NK225,18750,19.6924,395D
CALL_NK225,19000,19.7869,395D
CALL_NK225,19250,19.6738,395D
CALL_NK225,19500,19.7339,395D
CALL_NK225,19750,19.5921,395D
CALL_NK225,20000,19.6244,395D
CALL_NK225,20250,19.5831,395D
CALL_NK225,20500,19.5951,395D
CALL_NK225,20750,19.5364,395D
CALL_NK225,21000,19.6015,395D
CALL_NK225,21250,19.6007,395D
CALL_NK225,21500,19.6009,395D
CALL_NK225,21750,19.6744,395D
CALL_NK225,22000,19.688,395D
CALL_NK225,22250,19.7864,395D
CALL_NK225,22500,19.8301,395D
CALL_NK225,22750,19.8172,395D
CALL_NK225,23000,19.907,395D
CALL_NK225,23250,19.9466,395D
CALL_NK225,23500,20.021,395D
CALL_NK225,23750,20.138,395D
CALL_NK225,24000,20.2119,395D
CALL_NK225,24250,20.2407,395D
CALL_NK225,15000,22.6514,486D
CALL_NK225,15250,22.0503,486D
CALL_NK225,15500,21.7663,486D
CALL_NK225,15750,21.6073,486D
CALL_NK225,16000,21.5233,486D
CALL_NK225,16250,21.1002,486D
CALL_NK225,16500,20.917,486D
CALL_NK225,16750,20.6717,486D
CALL_NK225,17000,20.5101,486D
CALL_NK225,17250,20.4204,486D
CALL_NK225,17500,20.2626,486D
CALL_NK225,17750,20.0417,486D
CALL_NK225,18000,20.0084,486D
CALL_NK225,18250,19.9062,486D
CALL_NK225,18500,19.9693,486D
CALL_NK225,18750,19.7426,486D
CALL_NK225,19000,19.6793,486D
CALL_NK225,19250,19.6657,486D
CALL_NK225,19500,19.5885,486D
CALL_NK225,19750,19.5619,486D
CALL_NK225,20000,19.6992,486D
CALL_NK225,20250,19.665,486D
CALL_NK225,20500,19.6856,486D
CALL_NK225,20750,19.6492,486D
CALL_NK225,21000,19.6719,486D
CALL_NK225,21250,19.7578,486D
CALL_NK225,21500,19.7331,486D
CALL_NK225,21750,19.7767,486D
CALL_NK225,22000,19.833,486D
CALL_NK225,22250,19.8417,486D
CALL_NK225,22500,19.9318,486D
CALL_NK225,22750,19.9789,486D
CALL_NK225,23000,20.0504,486D
CALL_NK225,23250,20.0805,486D
CALL_NK225,23500,20.1325,486D
CALL_NK225,23750,20.2362,486D
CALL_NK225,24000,20.2955,486D
CALL_NK225,24250,20.3975,486D
CALL_NK225,4500,67.1879,577D
CALL_NK225,5000,62.266,577D
CALL_NK225,5500,58.763,577D
CALL_NK225,6000,55.5511,577D
CALL_NK225,6500,52.5791,577D
CALL_NK225,7000,49.1258,577D
CALL_NK225,7500,46.5794,577D
CALL_NK225,8000,44.1724,577D
CALL_NK225,8500,41.8859,577D
CALL_NK225,9000,39.7042,577D
CALL_NK225,9250,38.4049,577D
CALL_NK225,9500,37.1416,577D
CALL_NK225,9750,36.3742,577D
CALL_NK225,10000,35.6053,577D
CALL_NK225,10250,34.4176,577D
CALL_NK225,10500,34.4555,577D
CALL_NK225,10750,33.6687,577D
CALL_NK225,11000,33.2332,577D
CALL_NK225,11250,32.4356,577D
CALL_NK225,11500,31.6406,577D
CALL_NK225,11750,31.4516,577D
CALL_NK225,12000,30.6388,577D
CALL_NK225,12250,29.5522,577D
CALL_NK225,12500,28.4857,577D
CALL_NK225,12750,28.4748,577D
CALL_NK225,13000,27.9079,577D
CALL_NK225,13250,26.8584,577D
CALL_NK225,13500,26.0537,577D
CALL_NK225,13750,25.0302,577D
CALL_NK225,14000,24.064,577D
CALL_NK225,14250,23.8602,577D
CALL_NK225,14500,23.1317,577D
CALL_NK225,14750,22.427,577D
CALL_NK225,15000,22.1536,577D
CALL_NK225,15250,22.004,577D
CALL_NK225,15500,21.6359,577D
CALL_NK225,15750,21.2537,577D
CALL_NK225,16000,21.2327,577D
CALL_NK225,16250,21.0249,577D
CALL_NK225,16500,20.901,577D
CALL_NK225,16750,20.7199,577D
CALL_NK225,17000,20.3733,577D
CALL_NK225,17250,20.2143,577D
CALL_NK225,17500,20.1196,577D
CALL_NK225,17750,20.1895,577D
CALL_NK225,18000,20.0921,577D
CALL_NK225,18250,19.8351,577D
CALL_NK225,18500,19.9504,577D
CALL_NK225,18750,19.904,577D
CALL_NK225,19000,19.7002,577D
CALL_NK225,19250,19.651,577D
CALL_NK225,19500,19.6527,577D
CALL_NK225,19750,19.6017,577D
CALL_NK225,20000,19.7071,577D
CALL_NK225,20250,19.763,577D
CALL_NK225,20500,19.7704,577D
CALL_NK225,20750,19.7298,577D
CALL_NK225,21000,19.7455,577D
CALL_NK225,21250,19.8285,577D
CALL_NK225,21500,19.8661,577D
CALL_NK225,21750,19.857,577D
CALL_NK225,22000,19.9257,577D
CALL_NK225,22250,19.951,577D
CALL_NK225,22500,19.995,577D
CALL_NK225,22750,20.0607,577D
CALL_NK225,23000,20.1517,577D
CALL_NK225,23250,20.209,577D
CALL_NK225,23500,20.2963,577D
CALL_NK225,23750,20.352,577D
CALL_NK225,24000,20.3682,577D
CALL_NK225,24250,20.4277,577D
CALL_NK225,4500,59.1135,759D
CALL_NK225,5000,55.5241,759D
CALL_NK225,5500,52.2832,759D
CALL_NK225,6000,48.6541,759D
CALL_NK225,6500,45.9808,759D
CALL_NK225,7000,42.9092,759D
CALL_NK225,7500,40.6254,759D
CALL_NK225,8000,37.9569,759D
CALL_NK225,8500,36.8916,759D
CALL_NK225,9000,35.7397,759D
CALL_NK225,9250,34.9494,759D
CALL_NK225,9500,34.1659,759D
CALL_NK225,9750,33.7377,759D
CALL_NK225,10000,33.281,759D
CALL_NK225,10250,32.4903,759D
CALL_NK225,10500,31.4044,759D
CALL_NK225,10750,30.6401,759D
CALL_NK225,11000,29.8819,759D
CALL_NK225,11250,29.1296,759D
CALL_NK225,11500,28.3827,759D
CALL_NK225,11750,27.641,759D
CALL_NK225,12000,27.1454,759D
CALL_NK225,12250,27.5302,759D
CALL_NK225,12500,27.1762,759D
CALL_NK225,12750,26.7939,759D
CALL_NK225,13000,26.1961,759D
CALL_NK225,13250,25.5908,759D
CALL_NK225,13500,24.8006,759D
CALL_NK225,13750,24.0152,759D
CALL_NK225,14000,23.4002,759D
CALL_NK225,14250,23.1946,759D
CALL_NK225,14500,22.273,759D
CALL_NK225,14750,21.5145,759D
CALL_NK225,15000,21.446,759D
CALL_NK225,15250,21.1882,759D
CALL_NK225,15500,21.0252,759D
CALL_NK225,15750,20.8186,759D
CALL_NK225,16000,20.6932,759D
CALL_NK225,16250,20.5223,759D
CALL_NK225,16500,20.4226,759D
CALL_NK225,16750,20.2768,759D
CALL_NK225,17000,20.1948,759D
CALL_NK225,17250,20.0671,759D
CALL_NK225,17500,19.9977,759D
CALL_NK225,17750,19.8834,759D
CALL_NK225,18000,19.9213,759D
CALL_NK225,18250,19.8162,759D
CALL_NK225,18500,19.7638,759D
CALL_NK225,18750,19.7623,759D
CALL_NK225,19000,19.718,759D
CALL_NK225,19250,19.7244,759D
CALL_NK225,19500,19.6898,759D
CALL_NK225,19750,19.7068,759D
CALL_NK225,20000,19.7759,759D
CALL_NK225,20250,19.7156,759D
CALL_NK225,20500,19.8013,759D
CALL_NK225,20750,19.7591,759D
CALL_NK225,21000,19.8664,759D
CALL_NK225,21250,19.8473,759D
CALL_NK225,21500,19.8883,759D
CALL_NK225,21750,19.9927,759D
CALL_NK225,22000,19.9706,759D
CALL_NK225,22250,20.0145,759D
CALL_NK225,22500,20.1282,759D
CALL_NK225,22750,20.2154,759D
CALL_NK225,23000,20.2251,759D
CALL_NK225,23250,20.2586,759D
CALL_NK225,23500,20.3187,759D
CALL_NK225,23750,20.408,759D
CALL_NK225,24000,20.4743,759D
CALL_NK225,24250,20.5174,759D
CALL_NK225,5500,46.59,941D
CALL_NK225,6000,43.9069,941D
CALL_NK225,6500,41.4357,941D
CALL_NK225,7000,39.6421,941D
CALL_NK225,7500,36.9965,941D
CALL_NK225,8000,36.2375,941D
CALL_NK225,8500,34.9805,941D
CALL_NK225,9000,34.0266,941D
CALL_NK225,9250,32.9067,941D
CALL_NK225,9500,32.4185,941D
CALL_NK225,9750,31.3461,941D
CALL_NK225,10000,30.5818,941D
CALL_NK225,10250,29.5579,941D
CALL_NK225,10500,28.8226,941D
CALL_NK225,10750,28.3455,941D
CALL_NK225,11000,27.8551,941D
CALL_NK225,11250,27.5776,941D
CALL_NK225,11500,27.2678,941D
CALL_NK225,11750,26.93,941D
CALL_NK225,12000,26.758,941D
CALL_NK225,12250,26.3649,941D
CALL_NK225,12500,25.9528,941D
CALL_NK225,12750,25.6894,941D
CALL_NK225,13000,25.2378,941D
CALL_NK225,13250,24.6187,941D
CALL_NK225,13500,23.8479,941D
CALL_NK225,13750,23.0831,941D
CALL_NK225,14000,22.7336,941D
CALL_NK225,14250,22.3662,941D
CALL_NK225,14500,21.3497,941D
CALL_NK225,14750,21.2239,941D
CALL_NK225,15000,21.0583,941D
CALL_NK225,15250,20.8567,941D
CALL_NK225,15500,20.7343,941D
CALL_NK225,15750,20.5737,941D
CALL_NK225,16000,20.4829,941D
CALL_NK225,16250,20.3529,941D
CALL_NK225,16500,20.2857,941D
CALL_NK225,16750,20.1795,941D
CALL_NK225,17000,20.1308,941D
CALL_NK225,17250,20.0436,941D
CALL_NK225,17500,19.9202,941D
CALL_NK225,17750,19.9398,941D
CALL_NK225,18000,19.8334,941D
CALL_NK225,18250,19.8652,941D
CALL_NK225,18500,19.7749,941D
CALL_NK225,18750,19.8197,941D
CALL_NK225,19000,19.7455,941D
CALL_NK225,19250,19.805,941D
CALL_NK225,19500,19.7481,941D
CALL_NK225,19750,19.742,941D
CALL_NK225,20000,19.7872,941D
CALL_NK225,20250,19.8016,941D
CALL_NK225,20500,19.869,941D
CALL_NK225,20750,19.9075,941D
CALL_NK225,21000,19.918,941D
CALL_NK225,21250,19.9848,941D
CALL_NK225,21500,20.0254,941D
CALL_NK225,21750,20.0403,941D
CALL_NK225,22000,20.1156,941D
CALL_NK225,22250,20.1673,941D
CALL_NK225,22500,20.1955,941D
CALL_NK225,22750,20.2893,941D
CALL_NK225,23000,20.2721,941D
CALL_NK225,23250,20.3228,941D
CALL_NK225,23500,20.4452,941D
CALL_NK225,23750,20.4555,941D
CALL_NK225,24000,20.5402,941D
CALL_NK225,24250,20.6069,941D
CALL_NK225,8500,28.9369,1123D
CALL_NK225,9000,29.4156,1123D
CALL_NK225,9250,28.7252,1123D
CALL_NK225,9500,27.4399,1123D
CALL_NK225,9750,26.791,1123D
CALL_NK225,10000,26.1483,1123D
CALL_NK225,10250,25.2376,1123D
CALL_NK225,10500,24.3495,1123D
CALL_NK225,10750,24.0018,1123D
CALL_NK225,11000,24.1055,1123D
CALL_NK225,11250,23.2458,1123D
CALL_NK225,11500,22.8426,1123D
CALL_NK225,11750,22.8305,1123D
CALL_NK225,12000,22.5719,1123D
CALL_NK225,12250,21.9237,1123D
CALL_NK225,12500,21.803,1123D
CALL_NK225,12750,21.8022,1123D
CALL_NK225,13000,22.1986,1123D
CALL_NK225,13250,21.9326,1123D
CALL_NK225,13500,21.5049,1123D
CALL_NK225,13750,21.0647,1123D
CALL_NK225,14000,21.2434,1123D
CALL_NK225,14250,20.8928,1123D
CALL_NK225,14500,20.0466,1123D
CALL_NK225,14750,19.9647,1123D
CALL_NK225,15000,19.9424,1123D
CALL_NK225,15250,19.2243,1123D
CALL_NK225,15500,19.259,1123D
CALL_NK225,15750,19.3336,1123D
CALL_NK225,16000,19.3329,1123D
CALL_NK225,16250,18.9517,1123D
CALL_NK225,16500,18.9027,1123D
CALL_NK225,16750,18.9838,1123D
CALL_NK225,17000,19.0283,1123D
CALL_NK225,17250,19.0362,1123D
CALL_NK225,17500,18.9859,1123D
CALL_NK225,17750,19.0759,1123D
CALL_NK225,18000,19.1412,1123D
CALL_NK225,18250,19.2884,1123D
CALL_NK225,18500,19.1991,1123D
CALL_NK225,18750,19.2414,1123D
CALL_NK225,19000,19.3628,1123D
CALL_NK225,19250,19.3605,1123D
CALL_NK225,19500,19.4408,1123D
CALL_NK225,19750,19.502,1123D
CALL_NK225,20000,19.5981,1123D
CALL_NK225,20250,19.5674,1123D
CALL_NK225,20500,19.6522,1123D
CALL_NK225,20750,19.6614,1123D
CALL_NK225,21000,19.7041,1123D
CALL_NK225,21250,19.7888,1123D
CALL_NK225,21500,19.8555,1123D
CALL_NK225,21750,19.9262,1123D
CALL_NK225,22000,19.988,1123D
CALL_NK225,22250,20.0496,1123D
CALL_NK225,22500,20.1238,1123D
CALL_NK225,22750,20.1776,1123D
CALL_NK225,23000,20.1826,1123D
CALL_NK225,23250,20.2158,1123D
CALL_NK225,23500,20.2913,1123D
CALL_NK225,23750,20.3071,1123D
CALL_NK225,24000,20.3264,1123D
CALL_NK225,24250,20.3765,1123D
CALL_NK225,10000,24.2481,1312D
CALL_NK225,10250,24.1254,1312D
CALL_NK225,10500,23.5053,1312D
CALL_NK225,10750,23.327,1312D
CALL_NK225,11000,23.3124,1312D
CALL_NK225,11250,23.0556,1312D
CALL_NK225,11500,22.7732,1312D
CALL_NK225,11750,22.4684,1312D
CALL_NK225,12000,22.1437,1312D
CALL_NK225,12250,21.8015,1312D
CALL_NK225,12500,21.8812,1312D
CALL_NK225,12750,21.6293,1312D
CALL_NK225,13000,21.3542,1312D
CALL_NK225,13250,21.0582,1312D
CALL_NK225,13500,20.9861,1312D
CALL_NK225,13750,21.1079,1312D
CALL_NK225,14000,21.0672,1312D
CALL_NK225,14250,20.3477,1312D
CALL_NK225,14500,20.0671,1312D
CALL_NK225,14750,20.1215,1312D
CALL_NK225,15000,20.0486,1312D
CALL_NK225,15250,19.3671,1312D
CALL_NK225,15500,19.318,1312D
CALL_NK225,15750,19.4028,1312D
CALL_NK225,16000,19.449,1312D
CALL_NK225,16250,18.8981,1312D
CALL_NK225,16500,18.9565,1312D
CALL_NK225,16750,19.0713,1312D
CALL_NK225,17000,18.9399,1312D
CALL_NK225,17250,19.0458,1312D
CALL_NK225,17500,19.215,1312D
CALL_NK225,17750,19.0966,1312D
CALL_NK225,18000,19.2372,1312D
CALL_NK225,18250,19.2046,1312D
CALL_NK225,18500,19.2267,1312D
CALL_NK225,18750,19.3957,1312D
CALL_NK225,19000,19.6875,1312D
CALL_NK225,19250,19.356,1312D
CALL_NK225,19500,19.4407,1312D
CALL_NK225,19750,19.5088,1312D
CALL_NK225,20000,19.5603,1312D
CALL_NK225,20250,19.5953,1312D
CALL_NK225,20500,19.6681,1312D
CALL_NK225,20750,19.7531,1312D
CALL_NK225,21000,19.7762,1312D
CALL_NK225,21250,19.8322,1312D
CALL_NK225,21500,19.8877,1312D
CALL_NK225,21750,20.0114,1312D
CALL_NK225,22000,19.9637,1312D
CALL_NK225,22250,20.0449,1312D
CALL_NK225,22500,20.0781,1312D
CALL_NK225,22750,20.1073,1312D
CALL_NK225,23000,20.1135,1312D
CALL_NK225,23250,20.1741,1312D
CALL_NK225,23500,20.218,1312D
CALL_NK225,23750,20.29,1312D
CALL_NK225,24000,20.3473,1312D
CALL_NK225,24250,20.3644,1312D
CALL_NK225,10500,22.7923,1494D
CALL_NK225,10750,22.7464,1494D
CALL_NK225,11000,22.6522,1494D
CALL_NK225,11250,22.5173,1494D
CALL_NK225,11500,22.1909,1494D
CALL_NK225,11750,21.9988,1494D
CALL_NK225,12000,22.0619,1494D
CALL_NK225,12250,21.9395,1494D
CALL_NK225,12500,21.6573,1494D
CALL_NK225,12750,21.11,1494D
CALL_NK225,13000,21.3932,1494D
CALL_NK225,13250,21.2738,1494D
CALL_NK225,13500,21.1249,1494D
CALL_NK225,13750,20.741,1494D
CALL_NK225,14000,20.245,1494D
CALL_NK225,14250,19.843,1494D
CALL_NK225,14500,19.2393,1494D
CALL_NK225,14750,18.8518,1494D
CALL_NK225,15000,18.9077,1494D
CALL_NK225,15250,19.531,1494D
CALL_NK225,15500,19.6109,1494D
CALL_NK225,15750,19.7183,1494D
CALL_NK225,16000,19.5765,1494D
CALL_NK225,16250,19.5264,1494D
CALL_NK225,16500,19.6938,1494D
CALL_NK225,16750,19.6806,1494D
CALL_NK225,17000,19.7868,1494D
CALL_NK225,17250,19.7872,1494D
CALL_NK225,17500,19.6627,1494D
CALL_NK225,17750,19.8004,1494D
CALL_NK225,18000,19.7711,1494D
CALL_NK225,18250,19.9689,1494D
CALL_NK225,18500,19.8912,1494D
CALL_NK225,18750,19.9499,1494D
CALL_NK225,19000,19.4043,1494D
CALL_NK225,19250,19.4871,1494D
CALL_NK225,19500,19.4992,1494D
CALL_NK225,19750,19.5488,1494D
CALL_NK225,20000,19.5785,1494D
CALL_NK225,20250,19.6286,1494D
CALL_NK225,20500,19.6965,1494D
CALL_NK225,20750,19.7635,1494D
CALL_NK225,21000,19.7984,1494D
CALL_NK225,21250,19.8069,1494D
CALL_NK225,21500,19.8513,1494D
CALL_NK225,21750,19.928,1494D
CALL_NK225,22000,19.95,1494D
CALL_NK225,22250,19.9935,1494D
CALL_NK225,22500,20.0016,1494D
CALL_NK225,22750,20.0118,1494D
CALL_NK225,23000,20.014,1494D
CALL_NK225,23250,20.0386,1494D
CALL_NK225,23500,20.0654,1494D
CALL_NK225,23750,20.1194,1494D
CALL_NK225,24000,20.1497,1494D
CALL_NK225,24250,20.2129,1494D
CALL_NK225,12750,21.1694,1676D
CALL_NK225,13000,21.2505,1676D
CALL_NK225,13250,20.8783,1676D
CALL_NK225,13500,20.8942,1676D
CALL_NK225,13750,20.5876,1676D
CALL_NK225,14000,20.0809,1676D
CALL_NK225,14250,19.6625,1676D
CALL_NK225,14500,19.0661,1676D
CALL_NK225,14750,18.8879,1676D
CALL_NK225,15000,18.9298,1676D
CALL_NK225,15250,19.5322,1676D
CALL_NK225,15500,19.626,1676D
CALL_NK225,15750,19.743,1676D
CALL_NK225,16000,19.7295,1676D
CALL_NK225,16250,19.6476,1676D
CALL_NK225,16500,19.6281,1676D
CALL_NK225,16750,19.6843,1676D
CALL_NK225,17000,19.7887,1676D
CALL_NK225,17250,19.8111,1676D
CALL_NK225,17500,19.704,1676D
CALL_NK225,17750,19.7706,1676D
CALL_NK225,18000,19.7918,1676D
CALL_NK225,18250,20.002,1676D
CALL_NK225,18500,19.9155,1676D
CALL_NK225,18750,20.0505,1676D
CALL_NK225,19000,19.4066,1676D
CALL_NK225,19250,19.5443,1676D
CALL_NK225,19500,19.5246,1676D
CALL_NK225,19750,19.5588,1676D
CALL_NK225,20000,19.6484,1676D
CALL_NK225,20250,19.6513,1676D
CALL_NK225,20500,19.711,1676D
CALL_NK225,20750,19.8295,1676D
CALL_NK225,21000,19.8615,1676D
CALL_NK225,21250,19.8798,1676D
CALL_NK225,21500,19.9139,1676D
CALL_NK225,21750,19.9853,1676D
CALL_NK225,22000,20.0456,1676D
CALL_NK225,22250,20.1072,1676D
CALL_NK225,22500,20.1587,1676D
CALL_NK225,22750,20.2195,1676D
CALL_NK225,23000,20.2225,1676D
CALL_NK225,23250,20.2745,1676D
CALL_NK225,23500,20.2773,1676D
CALL_NK225,23750,20.3129,1676D
CALL_NK225,24000,20.3159,1676D
CALL_NK225,24250,20.3542,1676D
PUT_NK225,4000,139.6599,31D
PUT_NK225,4500,85.2973,31D
PUT_NK225,5000,110.3319,31D
PUT_NK225,5500,78.6745,31D
PUT_NK225,6000,71.1295,31D
PUT_NK225,6500,68.5112,31D
PUT_NK225,7000,84.8206,31D
PUT_NK225,7500,75.7104,31D
PUT_NK225,8000,79.1867,31D
PUT_NK225,8500,66.3972,31D
PUT_NK225,9000,64.7381,31D
PUT_NK225,9250,63.1059,31D
PUT_NK225,9500,66.1153,31D
PUT_NK225,9750,58.9829,31D
PUT_NK225,10000,64.0412,31D
PUT_NK225,10250,56.3631,31D
PUT_NK225,10500,65.3997,31D
PUT_NK225,10750,62.6983,31D
PUT_NK225,11000,60.6523,31D
PUT_NK225,11250,58.4569,31D
PUT_NK225,11500,58.3043,31D
PUT_NK225,11750,54.0681,31D
PUT_NK225,12000,55.5694,31D
PUT_NK225,12250,53.4079,31D
PUT_NK225,12500,51.8769,31D
PUT_NK225,12750,49.8838,31D
PUT_NK225,13000,47.8598,31D
PUT_NK225,13250,47.531,31D
PUT_NK225,13500,45.4378,31D
PUT_NK225,13750,43.3783,31D
PUT_NK225,14000,41.3509,31D
PUT_NK225,14250,39.354,31D
PUT_NK225,14500,39.3711,31D
PUT_NK225,14750,37.3429,31D
PUT_NK225,15000,36.0496,31D
PUT_NK225,15250,34.0405,31D
PUT_NK225,15500,33.1372,31D
PUT_NK225,15750,31.566,31D
PUT_NK225,16000,29.9374,31D
PUT_NK225,16250,28.8905,31D
PUT_NK225,16500,27.6154,31D
PUT_NK225,16750,26.3772,31D
PUT_NK225,17000,25.2709,31D
PUT_NK225,17125,24.7586,31D
PUT_NK225,17250,24.1644,31D
PUT_NK225,17375,23.5012,31D
PUT_NK225,17500,23.1809,31D
PUT_NK225,17625,22.8964,31D
PUT_NK225,17750,22.3132,31D
PUT_NK225,17875,21.9128,31D
PUT_NK225,18000,21.5006,31D
PUT_NK225,18125,20.7386,31D
PUT_NK225,18250,20.3891,31D
PUT_NK225,18375,20.3062,31D
PUT_NK225,18500,20.0031,31D
PUT_NK225,18625,19.5182,31D
PUT_NK225,18750,19.5006,31D
PUT_NK225,18875,19.2403,31D
PUT_NK225,19000,18.5037,31D
PUT_NK225,19125,18.3564,31D
PUT_NK225,19250,17.9666,31D
PUT_NK225,19375,18.2573,31D
PUT_NK225,19500,17.3813,31D
PUT_NK225,19625,17.3586,31D
PUT_NK225,19750,16.8399,31D
PUT_NK225,19875,16.4713,31D
PUT_NK225,20000,16.4887,31D
PUT_NK225,20125,15.8376,31D
PUT_NK225,20250,15.5896,31D
PUT_NK225,20375,15.1202,31D
PUT_NK225,20500,14.8898,31D
PUT_NK225,20625,14.2239,31D
PUT_NK225,20750,13.9406,31D
PUT_NK225,20875,12.2064,31D
PUT_NK225,21000,10.0717,31D
PUT_NK225,21125,10.8431,31D
PUT_NK225,21250,1,31D
PUT_NK225,21375,12.3562,31D
PUT_NK225,21500,1,31D
PUT_NK225,21625,13.8336,31D
PUT_NK225,21750,1,31D
PUT_NK225,21875,15.2792,31D
PUT_NK225,22000,1,31D
PUT_NK225,22125,16.696,31D
PUT_NK225,22250,1,31D
PUT_NK225,22500,1,31D
PUT_NK225,22750,1,31D
PUT_NK225,23000,1,31D
PUT_NK225,10500,52.5935,59D
PUT_NK225,10750,51.1371,59D
PUT_NK225,11000,49.0832,59D
PUT_NK225,11250,47.5627,59D
PUT_NK225,11500,45.8025,59D
PUT_NK225,11750,45.2793,59D
PUT_NK225,12000,44.5062,59D
PUT_NK225,12250,43.5712,59D
PUT_NK225,12500,41.8446,59D
PUT_NK225,12750,40.1489,59D
PUT_NK225,13000,39.1144,59D
PUT_NK225,13250,38.0012,59D
PUT_NK225,13500,36.8285,59D
PUT_NK225,13750,36.008,59D
PUT_NK225,14000,34.7133,59D
PUT_NK225,14250,33.9961,59D
PUT_NK225,14500,32.8638,59D
PUT_NK225,14750,31.8913,59D
PUT_NK225,15000,31.0046,59D
PUT_NK225,15250,29.8308,59D
PUT_NK225,15500,28.881,59D
PUT_NK225,15750,27.9342,59D
PUT_NK225,16000,27.069,59D
PUT_NK225,16250,26.1391,59D
PUT_NK225,16500,25.2899,59D
PUT_NK225,16750,24.4564,59D
PUT_NK225,17000,23.858,59D
PUT_NK225,17250,22.8601,59D
PUT_NK225,17375,22.7078,59D
PUT_NK225,17500,22.2671,59D
PUT_NK225,17625,22.1167,59D
PUT_NK225,17750,21.5416,59D
PUT_NK225,17875,21.3715,59D
PUT_NK225,18000,21.0976,59D
PUT_NK225,18125,20.8615,59D
PUT_NK225,18250,20.7669,59D
PUT_NK225,18375,20.4421,59D
PUT_NK225,18500,20.0241,59D
PUT_NK225,18625,20.1227,59D
PUT_NK225,18750,19.5068,59D
PUT_NK225,18875,19.3619,59D
PUT_NK225,19000,19.0066,59D
PUT_NK225,19125,18.7962,59D
PUT_NK225,19250,18.6275,59D
PUT_NK225,19375,18.4109,59D
PUT_NK225,19500,18.2239,59D
PUT_NK225,19625,18.0609,59D
PUT_NK225,19750,17.9191,59D
PUT_NK225,19875,17.7165,59D
PUT_NK225,20000,17.5315,59D
PUT_NK225,20125,17.3649,59D
PUT_NK225,20250,17.2197,59D
PUT_NK225,20375,17.0108,59D
PUT_NK225,20500,16.9248,59D
PUT_NK225,20625,16.6835,59D
PUT_NK225,20750,16.4816,59D
PUT_NK225,20875,16.0951,59D
PUT_NK225,21000,16.0184,59D
PUT_NK225,21125,15.4626,59D
PUT_NK225,21250,15.2986,59D
PUT_NK225,21375,14.9197,59D
PUT_NK225,21500,14.206,59D
PUT_NK225,21625,12.784,59D
PUT_NK225,21750,12.2842,59D
PUT_NK225,21875,1,59D
PUT_NK225,22000,1,59D
PUT_NK225,22125,1,59D
PUT_NK225,22250,1,59D
PUT_NK225,22500,1,59D
PUT_NK225,22750,1,59D
PUT_NK225,23000,1,59D
PUT_NK225,23250,1,59D
PUT_NK225,23500,1,59D
PUT_NK225,23750,1,59D
PUT_NK225,12750,35.7476,94D
PUT_NK225,13000,34.5862,94D
PUT_NK225,13250,33.7512,94D
PUT_NK225,13500,32.8673,94D
PUT_NK225,13750,31.9477,94D
PUT_NK225,14000,30.9715,94D
PUT_NK225,14250,30.2087,94D
PUT_NK225,14500,29.415,94D
PUT_NK225,14750,28.7906,94D
PUT_NK225,15000,28.0396,94D
PUT_NK225,15250,27.1897,94D
PUT_NK225,15500,26.4602,94D
PUT_NK225,15750,25.737,94D
PUT_NK225,16000,25.101,94D
PUT_NK225,16250,24.457,94D
PUT_NK225,16500,23.8615,94D
PUT_NK225,16750,23.2732,94D
PUT_NK225,17000,22.5158,94D
PUT_NK225,17250,22.1422,94D
PUT_NK225,17375,21.8657,94D
PUT_NK225,17500,21.652,94D
PUT_NK225,17625,21.3785,94D
PUT_NK225,17750,21.1528,94D
PUT_NK225,17875,20.8664,94D
PUT_NK225,18000,20.6163,94D
PUT_NK225,18125,20.4808,94D
PUT_NK225,18250,20.2728,94D
PUT_NK225,18375,20.0776,94D
PUT_NK225,18500,19.8899,94D
PUT_NK225,18625,19.705,94D
PUT_NK225,18750,19.4474,94D
PUT_NK225,18875,19.3285,94D
PUT_NK225,19000,19.1981,94D
PUT_NK225,19125,19.0546,94D
PUT_NK225,19250,18.8964,94D
PUT_NK225,19375,18.7218,94D
PUT_NK225,19500,18.5925,94D
PUT_NK225,19625,18.5059,94D
PUT_NK225,19750,18.3978,94D
PUT_NK225,19875,18.2676,94D
PUT_NK225,20000,18.1147,94D
PUT_NK225,20125,18.4253,94D
PUT_NK225,20250,18.5931,94D
PUT_NK225,20375,18.5202,94D
PUT_NK225,20500,18.3627,94D
PUT_NK225,20625,18.223,94D
PUT_NK225,20750,18.1767,94D
PUT_NK225,20875,18.0469,94D
PUT_NK225,21000,18.1457,94D
PUT_NK225,21125,17.8393,94D
PUT_NK225,21250,18.3391,94D
PUT_NK225,21375,18.0008,94D
PUT_NK225,21500,17.7776,94D
PUT_NK225,21625,18.1136,94D
PUT_NK225,21750,17.9039,94D
PUT_NK225,22000,17.7405,94D
PUT_NK225,22250,18.1326,94D
PUT_NK225,22500,17.9577,94D
PUT_NK225,22750,18.2579,94D
PUT_NK225,23000,18.3715,94D
PUT_NK225,23250,18.23,94D
PUT_NK225,23500,17.675,94D
PUT_NK225,23750,17.5742,94D
PUT_NK225,24000,13.8453,94D
PUT_NK225,24250,14.666,94D
PUT_NK225,10000,43.2121,122D
PUT_NK225,10250,41.2573,122D
PUT_NK225,10500,40.7229,122D
PUT_NK225,10750,39.9659,122D
PUT_NK225,11000,39.4857,122D
PUT_NK225,11250,38.3472,122D
PUT_NK225,11500,37.9139,122D
PUT_NK225,11750,36.7841,122D
PUT_NK225,12000,35.8925,122D
PUT_NK225,12250,35.1253,122D
PUT_NK225,12500,34.1902,122D
PUT_NK225,12750,33.468,122D
PUT_NK225,13000,32.4755,122D
PUT_NK225,13250,31.6901,122D
PUT_NK225,13500,31.0267,122D
PUT_NK225,13750,30.1722,122D
PUT_NK225,14000,29.3653,122D
PUT_NK225,14250,28.7615,122D
PUT_NK225,14500,28.0398,122D
PUT_NK225,14750,27.4036,122D
PUT_NK225,15000,26.7462,122D
PUT_NK225,15250,26.1493,122D
PUT_NK225,15500,25.2647,122D
PUT_NK225,15750,24.6949,122D
PUT_NK225,16000,24.1856,122D
PUT_NK225,16250,23.6992,122D
PUT_NK225,16500,23.1412,122D
PUT_NK225,16750,22.5995,122D
PUT_NK225,17000,22.268,122D
PUT_NK225,17250,21.8561,122D
PUT_NK225,17500,21.5438,122D
PUT_NK225,17750,21.1149,122D
PUT_NK225,18000,20.8011,122D
PUT_NK225,18250,20.4181,122D
PUT_NK225,18500,20.2194,122D
PUT_NK225,18750,19.6464,122D
PUT_NK225,19000,19.6116,122D
PUT_NK225,19250,19.414,122D
PUT_NK225,19500,19.194,122D
PUT_NK225,19750,19.0575,122D
PUT_NK225,20000,18.9081,122D
PUT_NK225,20250,18.6973,122D
PUT_NK225,20500,18.5941,122D
PUT_NK225,20750,18.4798,122D
PUT_NK225,21000,18.6284,122D
PUT_NK225,21250,18.5551,122D
PUT_NK225,21500,18.5335,122D
PUT_NK225,21750,18.2687,122D
PUT_NK225,22000,18.4547,122D
PUT_NK225,22250,18.4518,122D
PUT_NK225,22500,18.216,122D
PUT_NK225,22750,18.226,122D
PUT_NK225,23000,18.9401,122D
PUT_NK225,23250,18.2424,122D
PUT_NK225,23500,18.3357,122D
PUT_NK225,23750,18.2465,122D
PUT_NK225,24000,17.8907,122D
PUT_NK225,24250,19.2617,122D
PUT_NK225,12750,31.2272,150D
PUT_NK225,13000,30.6185,150D
PUT_NK225,13250,29.9324,150D
PUT_NK225,13500,29.1851,150D
PUT_NK225,13750,28.5387,150D
PUT_NK225,14000,27.8225,150D
PUT_NK225,14250,27.2887,150D
PUT_NK225,14500,26.6603,150D
PUT_NK225,14750,26.05,150D
PUT_NK225,15000,25.6091,150D
PUT_NK225,15250,25.0503,150D
PUT_NK225,15500,24.396,150D
PUT_NK225,15750,23.9603,150D
PUT_NK225,16000,23.5683,150D
PUT_NK225,16250,22.976,150D
PUT_NK225,16500,22.6338,150D
PUT_NK225,16750,22.1414,150D
PUT_NK225,17000,21.6983,150D
PUT_NK225,17250,21.4366,150D
PUT_NK225,17500,21.0024,150D
PUT_NK225,17750,20.6904,150D
PUT_NK225,18000,20.3333,150D
PUT_NK225,18250,20.0437,150D
PUT_NK225,18500,19.7967,150D
PUT_NK225,18750,19.5742,150D
PUT_NK225,19000,19.3635,150D
PUT_NK225,19250,19.1559,150D
PUT_NK225,19500,19.0457,150D
PUT_NK225,19750,19.0288,150D
PUT_NK225,20000,18.9063,150D
PUT_NK225,20250,18.7819,150D
PUT_NK225,20500,18.6609,150D
PUT_NK225,20750,18.5515,150D
PUT_NK225,21000,18.4657,150D
PUT_NK225,21250,18.4212,150D
PUT_NK225,21500,18.4428,150D
PUT_NK225,21750,18.2742,150D
PUT_NK225,22000,18.2015,150D
PUT_NK225,22250,17.9201,150D
PUT_NK225,22500,17.7816,150D
PUT_NK225,22750,17.408,150D
PUT_NK225,23000,16.0545,150D
PUT_NK225,23250,16.1562,150D
PUT_NK225,23500,16.0899,150D
PUT_NK225,23750,16.8466,150D
PUT_NK225,24000,16.4957,150D
PUT_NK225,24250,17.1305,150D
PUT_NK225,14000,26.9967,185D
PUT_NK225,14250,26.3085,185D
PUT_NK225,14500,25.8098,185D
PUT_NK225,14750,25.2952,185D
PUT_NK225,15000,24.7799,185D
PUT_NK225,15250,24.1145,185D
PUT_NK225,15500,23.8291,185D
PUT_NK225,15750,23.3269,185D
PUT_NK225,16000,23.2947,185D
PUT_NK225,16250,22.5219,185D
PUT_NK225,16500,22.0443,185D
PUT_NK225,16750,21.7837,185D
PUT_NK225,17000,21.3838,185D
PUT_NK225,17250,20.999,185D
PUT_NK225,17500,20.7402,185D
PUT_NK225,17750,20.4535,185D
PUT_NK225,18000,20.2436,185D
PUT_NK225,18250,19.9836,185D
PUT_NK225,18500,19.7717,185D
PUT_NK225,18750,19.4978,185D
PUT_NK225,19000,19.3477,185D
PUT_NK225,19250,19.2153,185D
PUT_NK225,19500,19.097,185D
PUT_NK225,19750,18.9918,185D
PUT_NK225,20000,18.9006,185D
PUT_NK225,20250,18.8266,185D
PUT_NK225,20500,18.7753,185D
PUT_NK225,20750,18.7552,185D
PUT_NK225,21000,18.5745,185D
PUT_NK225,21250,18.6465,185D
PUT_NK225,21500,18.5713,185D
PUT_NK225,21750,18.5742,185D
PUT_NK225,22000,18.4267,185D
PUT_NK225,22250,18.3858,185D
PUT_NK225,22500,18.495,185D
PUT_NK225,22750,18.4802,185D
PUT_NK225,23000,18.3195,185D
PUT_NK225,23250,17.9751,185D
PUT_NK225,23500,17.8712,185D
PUT_NK225,23750,16.3612,185D
PUT_NK225,24000,16.3207,185D
PUT_NK225,24250,16.1065,185D
PUT_NK225,4000,64.7117,213D
PUT_NK225,4500,53.3361,213D
PUT_NK225,5000,56.9255,213D
PUT_NK225,5500,50.261,213D
PUT_NK225,6000,46.9105,213D
PUT_NK225,6500,43.6488,213D
PUT_NK225,7000,43.1258,213D
PUT_NK225,7500,42.0386,213D
PUT_NK225,8000,40.8194,213D
PUT_NK225,8500,39.8748,213D
PUT_NK225,9000,38.3265,213D
PUT_NK225,9250,37.7889,213D
PUT_NK225,9500,37.1591,213D
PUT_NK225,9750,36.4639,213D
PUT_NK225,10000,36.1734,213D
PUT_NK225,10250,35.3511,213D
PUT_NK225,10500,34.5984,213D
PUT_NK225,10750,33.9741,213D
PUT_NK225,11000,33.3656,213D
PUT_NK225,11250,32.7871,213D
PUT_NK225,11500,32.0772,213D
PUT_NK225,11750,31.5366,213D
PUT_NK225,12000,30.7474,213D
PUT_NK225,12250,30.1062,213D
PUT_NK225,12500,29.57,213D
PUT_NK225,12750,28.9696,213D
PUT_NK225,13000,28.3177,213D
PUT_NK225,13250,27.7336,213D
PUT_NK225,13500,27.503,213D
PUT_NK225,13750,26.7817,213D
PUT_NK225,14000,26.1004,213D
PUT_NK225,14250,25.681,213D
PUT_NK225,14500,25.1757,213D
PUT_NK225,14750,24.8203,213D
PUT_NK225,15000,24.232,213D
PUT_NK225,15250,23.7671,213D
PUT_NK225,15500,23.44,213D
PUT_NK225,15750,23.0068,213D
PUT_NK225,16000,22.7888,213D
PUT_NK225,16250,22.2186,213D
PUT_NK225,16500,21.8336,213D
PUT_NK225,16750,21.4871,213D
PUT_NK225,17000,21.2913,213D
PUT_NK225,17250,20.9631,213D
PUT_NK225,17500,20.6318,213D
PUT_NK225,17750,20.3957,213D
PUT_NK225,18000,20.1296,213D
PUT_NK225,18250,19.9263,213D
PUT_NK225,18500,19.7707,213D
PUT_NK225,18750,19.5629,213D
PUT_NK225,19000,19.4768,213D
PUT_NK225,19250,19.3304,213D
PUT_NK225,19500,19.2093,213D
PUT_NK225,19750,19.1123,213D
PUT_NK225,20000,19.0401,213D
PUT_NK225,20250,18.9955,213D
PUT_NK225,20500,18.984,213D
PUT_NK225,20750,18.8342,213D
PUT_NK225,21000,18.9092,213D
PUT_NK225,21250,18.8562,213D
PUT_NK225,21500,18.8683,213D
PUT_NK225,21750,18.7523,213D
PUT_NK225,22000,18.9449,213D
PUT_NK225,22250,18.7981,213D
PUT_NK225,22500,18.7637,213D
PUT_NK225,22750,18.879,213D
PUT_NK225,23000,18.8941,213D
PUT_NK225,23250,18.795,213D
PUT_NK225,23500,18.916,213D
PUT_NK225,23750,18.9475,213D
PUT_NK225,24000,18.8748,213D
PUT_NK225,24250,17.066,213D
PUT_NK225,15250,23.3647,241D
PUT_NK225,15500,22.9559,241D
PUT_NK225,15750,22.5781,241D
PUT_NK225,16000,22.2262,241D
PUT_NK225,16250,21.8765,241D
PUT_NK225,16500,21.5686,241D
PUT_NK225,16750,21.2238,241D
PUT_NK225,17000,20.9514,241D
PUT_NK225,17250,20.68,241D
PUT_NK225,17500,20.4018,241D
PUT_NK225,17750,20.2083,241D
PUT_NK225,18000,19.9871,241D
PUT_NK225,18250,19.7995,241D
PUT_NK225,18500,19.6026,241D
PUT_NK225,18750,19.4493,241D
PUT_NK225,19000,19.3323,241D
PUT_NK225,19250,19.2589,241D
PUT_NK225,19500,19.1218,241D
PUT_NK225,19750,19.0155,241D
PUT_NK225,20000,18.9404,241D
PUT_NK225,20250,18.899,241D
PUT_NK225,20500,18.896,241D
PUT_NK225,20750,18.8534,241D
PUT_NK225,21000,18.7773,241D
PUT_NK225,21250,18.8457,241D
PUT_NK225,21500,18.8033,241D
PUT_NK225,21750,18.8372,241D
PUT_NK225,22000,18.7635,241D
PUT_NK225,22250,18.7872,241D
PUT_NK225,22500,18.8123,241D
PUT_NK225,22750,18.8743,241D
PUT_NK225,23000,18.8341,241D
PUT_NK225,23250,18.9621,241D
PUT_NK225,23500,18.8615,241D
PUT_NK225,23750,18.8969,241D
PUT_NK225,24000,18.6492,241D
PUT_NK225,24250,18.56,241D
PUT_NK225,15250,23.0913,276D
PUT_NK225,15500,22.6628,276D
PUT_NK225,15750,22.2706,276D
PUT_NK225,16000,21.9446,276D
PUT_NK225,16250,21.6094,276D
PUT_NK225,16500,21.3575,276D
PUT_NK225,16750,21.0636,276D
PUT_NK225,17000,20.787,276D
PUT_NK225,17250,20.5632,276D
PUT_NK225,17500,20.3319,276D
PUT_NK225,17750,20.0885,276D
PUT_NK225,18000,19.9152,276D
PUT_NK225,18250,19.7161,276D
PUT_NK225,18500,19.5697,276D
PUT_NK225,18750,19.4681,276D
PUT_NK225,19000,19.4058,276D
PUT_NK225,19250,19.23,276D
PUT_NK225,19500,19.0925,276D
PUT_NK225,19750,19.1396,276D
PUT_NK225,20000,19.0761,276D
PUT_NK225,20250,18.9715,276D
PUT_NK225,20500,18.9217,276D
PUT_NK225,20750,18.9084,276D
PUT_NK225,21000,18.9577,276D
PUT_NK225,21250,18.9012,276D
PUT_NK225,21500,18.9154,276D
PUT_NK225,21750,18.8983,276D
PUT_NK225,22000,18.9128,276D
PUT_NK225,22250,18.9956,276D
PUT_NK225,22500,19.0183,276D
PUT_NK225,22750,18.9425,276D
PUT_NK225,23000,18.9887,276D
PUT_NK225,23250,19.0403,276D
PUT_NK225,23500,18.9653,276D
PUT_NK225,10500,32.643,304D
PUT_NK225,10750,32.0015,304D
PUT_NK225,11000,31.3298,304D
PUT_NK225,11250,30.7627,304D
PUT_NK225,11500,30.1554,304D
PUT_NK225,11750,29.5152,304D
PUT_NK225,12000,29.1785,304D
PUT_NK225,12250,28.5505,304D
PUT_NK225,12500,27.8942,304D
PUT_NK225,12750,27.2696,304D
PUT_NK225,13000,26.8589,304D
PUT_NK225,13250,26.4321,304D
PUT_NK225,13500,25.7133,304D
PUT_NK225,13750,25.412,304D
PUT_NK225,14000,24.8352,304D
PUT_NK225,14250,24.4456,304D
PUT_NK225,14500,23.9913,304D
PUT_NK225,14750,23.5333,304D
PUT_NK225,15000,23.1509,304D
PUT_NK225,15250,22.8117,304D
PUT_NK225,15500,22.4933,304D
PUT_NK225,15750,22.1407,304D
PUT_NK225,16000,21.8096,304D
PUT_NK225,16250,21.477,304D
PUT_NK225,16500,21.2395,304D
PUT_NK225,16750,20.9564,304D
PUT_NK225,17000,20.7378,304D
PUT_NK225,17250,20.4738,304D
PUT_NK225,17500,20.2982,304D
PUT_NK225,17750,20.1091,304D
PUT_NK225,18000,19.904,304D
PUT_NK225,18250,19.7592,304D
PUT_NK225,18500,19.6107,304D
PUT_NK225,18750,19.4683,304D
PUT_NK225,19000,19.3903,304D
PUT_NK225,19250,19.2943,304D
PUT_NK225,19500,19.2117,304D
PUT_NK225,19750,19.1919,304D
PUT_NK225,20000,19.1314,304D
PUT_NK225,20250,19.1142,304D
PUT_NK225,20500,19.0001,304D
PUT_NK225,20750,19.0026,304D
PUT_NK225,21000,18.992,304D
PUT_NK225,21250,19.0426,304D
PUT_NK225,21500,19.0062,304D
PUT_NK225,21750,19.0427,304D
PUT_NK225,22000,19.0817,304D
PUT_NK225,22250,19.1257,304D
PUT_NK225,22500,19.0911,304D
PUT_NK225,22750,19.1656,304D
PUT_NK225,23000,19.1683,304D
PUT_NK225,23250,19.1992,304D
PUT_NK225,23500,19.2723,304D
PUT_NK225,23750,19.2796,304D
PUT_NK225,24000,19.2141,304D
PUT_NK225,24250,19.3416,304D
PUT_NK225,4000,45.9235,395D
PUT_NK225,4500,44.7363,395D
PUT_NK225,5000,44.0864,395D
PUT_NK225,5500,42.6229,395D
PUT_NK225,6000,41.8287,395D
PUT_NK225,6500,40.5034,395D
PUT_NK225,7000,39.4364,395D
PUT_NK225,7500,38.4333,395D
PUT_NK225,8000,36.9328,395D
PUT_NK225,8500,35.7876,395D
PUT_NK225,9000,34.4769,395D
PUT_NK225,9250,33.8669,395D
PUT_NK225,9500,33.2256,395D
PUT_NK225,9750,32.5599,395D
PUT_NK225,10000,31.8752,395D
PUT_NK225,10250,31.2945,395D
PUT_NK225,10500,30.6842,395D
PUT_NK225,10750,30.3979,395D
PUT_NK225,11000,29.8068,395D
PUT_NK225,11250,29.1906,395D
PUT_NK225,11500,28.5535,395D
PUT_NK225,11750,27.9414,395D
PUT_NK225,12000,27.2714,395D
PUT_NK225,12250,26.8979,395D
PUT_NK225,12500,26.4286,395D
PUT_NK225,12750,25.9552,395D
PUT_NK225,13000,25.4834,395D
PUT_NK225,13250,24.9381,395D
PUT_NK225,13500,24.5711,395D
PUT_NK225,13750,24.1507,395D
PUT_NK225,14000,23.8219,395D
PUT_NK225,14250,23.3432,395D
PUT_NK225,14500,23.0584,395D
PUT_NK225,14750,22.6389,395D
PUT_NK225,15000,22.4023,395D
PUT_NK225,15250,22.0945,395D
PUT_NK225,15500,21.7248,395D
PUT_NK225,15750,21.5151,395D
PUT_NK225,16000,21.2311,395D
PUT_NK225,16250,20.9765,395D
PUT_NK225,16500,20.7424,395D
PUT_NK225,16750,20.607,395D
PUT_NK225,17000,20.3904,395D
PUT_NK225,17250,20.1777,395D
PUT_NK225,17500,20.0395,395D
PUT_NK225,17750,19.8932,395D
PUT_NK225,18000,19.7371,395D
PUT_NK225,18250,19.7051,395D
PUT_NK225,18500,19.5889,395D
PUT_NK225,18750,19.5224,395D
PUT_NK225,19000,19.3753,395D
PUT_NK225,19250,19.402,395D
PUT_NK225,19500,19.3485,395D
PUT_NK225,19750,19.2977,395D
PUT_NK225,20000,19.2587,395D
PUT_NK225,20250,19.2251,395D
PUT_NK225,20500,19.2437,395D
PUT_NK225,20750,19.1904,395D
PUT_NK225,21000,19.3252,395D
PUT_NK225,21250,19.2629,395D
PUT_NK225,21500,19.266,395D
PUT_NK225,21750,19.342,395D
PUT_NK225,22000,19.3573,395D
PUT_NK225,22250,19.4158,395D
PUT_NK225,22500,19.5022,395D
PUT_NK225,22750,19.4895,395D
PUT_NK225,23000,19.5801,395D
PUT_NK225,23250,19.62,395D
PUT_NK225,23500,19.6064,395D
PUT_NK225,23750,19.5356,395D
PUT_NK225,24000,19.5982,395D
PUT_NK225,24250,19.6132,395D
PUT_NK225,15000,21.9566,486D
PUT_NK225,15250,21.6711,486D
PUT_NK225,15500,21.4281,486D
PUT_NK225,15750,21.2176,486D
PUT_NK225,16000,20.9462,486D
PUT_NK225,16250,20.7822,486D
PUT_NK225,16500,20.5531,486D
PUT_NK225,16750,20.4126,486D
PUT_NK225,17000,20.2057,486D
PUT_NK225,17250,20.0741,486D
PUT_NK225,17500,19.942,486D
PUT_NK225,17750,19.8715,486D
PUT_NK225,18000,19.7322,486D
PUT_NK225,18250,19.6493,486D
PUT_NK225,18500,19.6182,486D
PUT_NK225,18750,19.5196,486D
PUT_NK225,19000,19.4712,486D
PUT_NK225,19250,19.4715,486D
PUT_NK225,19500,19.4072,486D
PUT_NK225,19750,19.3927,486D
PUT_NK225,20000,19.4288,486D
PUT_NK225,20250,19.4044,486D
PUT_NK225,20500,19.4341,486D
PUT_NK225,20750,19.4063,486D
PUT_NK225,21000,19.4371,486D
PUT_NK225,21250,19.4131,486D
PUT_NK225,21500,19.4538,486D
PUT_NK225,21750,19.5647,486D
PUT_NK225,22000,19.6282,486D
PUT_NK225,22250,19.6441,486D
PUT_NK225,22500,19.7419,486D
PUT_NK225,22750,19.6624,486D
PUT_NK225,23000,19.8071,486D
PUT_NK225,23250,19.7722,486D
PUT_NK225,23500,19.8365,486D
PUT_NK225,23750,20.0124,486D
PUT_NK225,24000,20.0008,486D
PUT_NK225,24250,20.1083,486D
PUT_NK225,4500,42.7412,577D
PUT_NK225,5000,41.75,577D
PUT_NK225,5500,40.3275,577D
PUT_NK225,6000,39.0727,577D
PUT_NK225,6500,37.8876,577D
PUT_NK225,7000,36.5311,577D
PUT_NK225,7500,35.2595,577D
PUT_NK225,8000,33.9011,577D
PUT_NK225,8500,32.7336,577D
PUT_NK225,9000,31.6773,577D
PUT_NK225,9250,31.1076,577D
PUT_NK225,9500,30.5177,577D
PUT_NK225,9750,29.9119,577D
PUT_NK225,10000,29.2934,577D
PUT_NK225,10250,28.6647,577D
PUT_NK225,10500,28.3388,577D
PUT_NK225,10750,27.6775,577D
PUT_NK225,11000,27.282,577D
PUT_NK225,11250,26.8493,577D
PUT_NK225,11500,26.3856,577D
PUT_NK225,11750,25.8956,577D
PUT_NK225,12000,25.3831,577D
PUT_NK225,12250,25.0389,577D
PUT_NK225,12500,24.6541,577D
PUT_NK225,12750,24.2346,577D
PUT_NK225,13000,23.7849,577D
PUT_NK225,13250,23.4518,577D
PUT_NK225,13500,23.2111,577D
PUT_NK225,13750,22.7945,577D
PUT_NK225,14000,22.5814,577D
PUT_NK225,14250,22.3141,577D
PUT_NK225,14500,21.9995,577D
PUT_NK225,14750,21.74,577D
PUT_NK225,15000,21.5242,577D
PUT_NK225,15250,21.2562,577D
PUT_NK225,15500,21.0235,577D
PUT_NK225,15750,20.8187,577D
PUT_NK225,16000,20.6357,577D
PUT_NK225,16250,20.4694,577D
PUT_NK225,16500,20.3157,577D
PUT_NK225,16750,20.1713,577D
PUT_NK225,17000,20.0336,577D
PUT_NK225,17250,19.9005,577D
PUT_NK225,17500,19.8887,577D
PUT_NK225,17750,19.7568,577D
PUT_NK225,18000,19.6821,577D
PUT_NK225,18250,19.5499,577D
PUT_NK225,18500,19.5798,577D
PUT_NK225,18750,19.4438,577D
PUT_NK225,19000,19.4652,577D
PUT_NK225,19250,19.4305,577D
PUT_NK225,19500,19.4458,577D
PUT_NK225,19750,19.4077,577D
PUT_NK225,20000,19.4214,577D
PUT_NK225,20250,19.384,577D
PUT_NK225,20500,19.4012,577D
PUT_NK225,20750,19.4752,577D
PUT_NK225,21000,19.5029,577D
PUT_NK225,21250,19.4847,577D
PUT_NK225,21500,19.5298,577D
PUT_NK225,21750,19.5319,577D
PUT_NK225,22000,19.6036,577D
PUT_NK225,22250,19.6355,577D
PUT_NK225,22500,19.6272,577D
PUT_NK225,22750,19.6984,577D
PUT_NK225,23000,19.7332,577D
PUT_NK225,23250,19.8575,577D
PUT_NK225,23500,19.9505,577D
PUT_NK225,23750,19.8785,577D
PUT_NK225,24000,20.0406,577D
PUT_NK225,24250,20.0358,577D
PUT_NK225,4500,43.2505,759D
PUT_NK225,5000,41.5305,759D
PUT_NK225,5500,39.2516,759D
PUT_NK225,6000,37.1844,759D
PUT_NK225,6500,35.8349,759D
PUT_NK225,7000,34.4275,759D
PUT_NK225,7500,33.4079,759D
PUT_NK225,8000,32.1871,759D
PUT_NK225,8500,30.9228,759D
PUT_NK225,9000,29.6364,759D
PUT_NK225,9250,29.2901,759D
PUT_NK225,9500,28.6251,759D
PUT_NK225,9750,28.2232,759D
PUT_NK225,10000,27.787,759D
PUT_NK225,10250,27.1062,759D
PUT_NK225,10500,26.6416,759D
PUT_NK225,10750,26.356,759D
PUT_NK225,11000,25.8439,759D
PUT_NK225,11250,25.4928,759D
PUT_NK225,11500,25.11,759D
PUT_NK225,11750,24.7001,759D
PUT_NK225,12000,24.2668,759D
PUT_NK225,12250,23.9476,759D
PUT_NK225,12500,23.5952,759D
PUT_NK225,12750,23.3322,759D
PUT_NK225,13000,23.0304,759D
PUT_NK225,13250,22.6947,759D
PUT_NK225,13500,22.4281,759D
PUT_NK225,13750,22.2177,759D
PUT_NK225,14000,21.9647,759D
PUT_NK225,14250,21.6738,759D
PUT_NK225,14500,21.5082,759D
PUT_NK225,14750,21.2968,759D
PUT_NK225,15000,21.0445,759D
PUT_NK225,15250,20.893,759D
PUT_NK225,15500,20.696,759D
PUT_NK225,15750,20.5842,759D
PUT_NK225,16000,20.4249,759D
PUT_NK225,16250,20.2807,759D
PUT_NK225,16500,20.1491,759D
PUT_NK225,16750,20.0278,759D
PUT_NK225,17000,19.9686,759D
PUT_NK225,17250,19.8619,759D
PUT_NK225,17500,19.8123,759D
PUT_NK225,17750,19.7165,759D
PUT_NK225,18000,19.6744,759D
PUT_NK225,18250,19.6832,759D
PUT_NK225,18500,19.6466,759D
PUT_NK225,18750,19.5666,759D
PUT_NK225,19000,19.5377,759D
PUT_NK225,19250,19.5588,759D
PUT_NK225,19500,19.5384,759D
PUT_NK225,19750,19.5692,759D
PUT_NK225,20000,19.5606,759D
PUT_NK225,20250,19.6049,759D
PUT_NK225,20500,19.6119,759D
PUT_NK225,20750,19.6745,759D
PUT_NK225,21000,19.7021,759D
PUT_NK225,21250,19.7889,759D
PUT_NK225,21500,19.7488,759D
PUT_NK225,21750,19.8657,759D
PUT_NK225,22000,19.8563,759D
PUT_NK225,22250,19.913,759D
PUT_NK225,22500,19.9404,759D
PUT_NK225,22750,20.0396,759D
PUT_NK225,23000,20.1127,759D
PUT_NK225,23250,20.1596,759D
PUT_NK225,23500,20.1802,759D
PUT_NK225,23750,20.2829,759D
PUT_NK225,24000,20.363,759D
PUT_NK225,24250,20.4203,759D
PUT_NK225,5500,36.7552,941D
PUT_NK225,6000,35.3376,941D
PUT_NK225,6500,34.1006,941D
PUT_NK225,7000,32.8084,941D
PUT_NK225,7500,31.4943,941D
PUT_NK225,8000,30.4968,941D
PUT_NK225,8500,29.427,941D
PUT_NK225,9000,28.3136,941D
PUT_NK225,9250,27.8588,941D
PUT_NK225,9500,27.3856,941D
PUT_NK225,9750,26.8972,941D
PUT_NK225,10000,26.5799,941D
PUT_NK225,10250,26.0584,941D
PUT_NK225,10500,25.6912,941D
PUT_NK225,10750,25.2992,941D
PUT_NK225,11000,24.8861,941D
PUT_NK225,11250,24.5887,941D
PUT_NK225,11500,24.2604,941D
PUT_NK225,11750,23.9054,941D
PUT_NK225,12000,23.5273,941D
PUT_NK225,12250,23.2344,941D
PUT_NK225,12500,23.012,941D
PUT_NK225,12750,22.6594,941D
PUT_NK225,13000,22.4632,941D
PUT_NK225,13250,22.1448,941D
PUT_NK225,13500,21.9621,941D
PUT_NK225,13750,21.7414,941D
PUT_NK225,14000,21.487,941D
PUT_NK225,14250,21.341,941D
PUT_NK225,14500,21.1555,941D
PUT_NK225,14750,20.9343,941D
PUT_NK225,15000,20.8026,941D
PUT_NK225,15250,20.6318,941D
PUT_NK225,15500,20.4818,941D
PUT_NK225,15750,20.4041,941D
PUT_NK225,16000,20.2853,941D
PUT_NK225,16250,20.1799,941D
PUT_NK225,16500,20.0365,941D
PUT_NK225,16750,19.9543,941D
PUT_NK225,17000,19.9283,941D
PUT_NK225,17250,19.8623,941D
PUT_NK225,17500,19.7589,941D
PUT_NK225,17750,19.7088,941D
PUT_NK225,18000,19.7092,941D
PUT_NK225,18250,19.6723,941D
PUT_NK225,18500,19.6849,941D
PUT_NK225,18750,19.6615,941D
PUT_NK225,19000,19.6038,941D
PUT_NK225,19250,19.6793,941D
PUT_NK225,19500,19.638,941D
PUT_NK225,19750,19.6473,941D
PUT_NK225,20000,19.7076,941D
PUT_NK225,20250,19.737,941D
PUT_NK225,20500,19.7365,941D
PUT_NK225,20750,19.7898,941D
PUT_NK225,21000,19.8149,941D
PUT_NK225,21250,19.8124,941D
PUT_NK225,21500,19.8672,941D
PUT_NK225,21750,19.8962,941D
PUT_NK225,22000,19.9859,941D
PUT_NK225,22250,20.0521,941D
PUT_NK225,22500,20.0951,941D
PUT_NK225,22750,20.1149,941D
PUT_NK225,23000,20.2019,941D
PUT_NK225,23250,20.2683,941D
PUT_NK225,23500,20.3142,941D
PUT_NK225,23750,20.3396,941D
PUT_NK225,24000,20.44,941D
PUT_NK225,24250,20.5227,941D
PUT_NK225,8500,23.9231,1123D
PUT_NK225,9000,23.9328,1123D
PUT_NK225,9250,23.5659,1123D
PUT_NK225,9500,22.838,1123D
PUT_NK225,9750,22.2551,1123D
PUT_NK225,10000,21.6684,1123D
PUT_NK225,10250,20.9688,1123D
PUT_NK225,10500,20.8053,1123D
PUT_NK225,10750,20.5807,1123D
PUT_NK225,11000,20.5012,1123D
PUT_NK225,11250,20.3947,1123D
PUT_NK225,11500,20.2188,1123D
PUT_NK225,11750,20.0572,1123D
PUT_NK225,12000,19.8839,1123D
PUT_NK225,12250,19.7145,1123D
PUT_NK225,12500,19.6903,1123D
PUT_NK225,12750,19.8201,1123D
PUT_NK225,13000,19.809,1123D
PUT_NK225,13250,19.6295,1123D
PUT_NK225,13500,19.3295,1123D
PUT_NK225,13750,19.276,1123D
PUT_NK225,14000,19.6204,1123D
PUT_NK225,14250,19.8494,1123D
PUT_NK225,14500,20.009,1123D
PUT_NK225,14750,19.9461,1123D
PUT_NK225,15000,19.937,1123D
PUT_NK225,15250,19.1999,1123D
PUT_NK225,15500,19.2337,1123D
PUT_NK225,15750,19.3211,1123D
PUT_NK225,16000,19.287,1123D
PUT_NK225,16250,18.8902,1123D
PUT_NK225,16500,18.9232,1123D
PUT_NK225,16750,18.9232,1123D
PUT_NK225,17000,18.9769,1123D
PUT_NK225,17250,18.9998,1123D
PUT_NK225,17500,18.9929,1123D
PUT_NK225,17750,19.0982,1123D
PUT_NK225,18000,19.1539,1123D
PUT_NK225,18250,19.2386,1123D
PUT_NK225,18500,19.2091,1123D
PUT_NK225,18750,19.2431,1123D
PUT_NK225,19000,19.3736,1123D
PUT_NK225,19250,19.409,1123D
PUT_NK225,19500,19.4672,1123D
PUT_NK225,19750,19.5749,1123D
PUT_NK225,20000,19.657,1123D
PUT_NK225,20250,19.5894,1123D
PUT_NK225,20500,19.6551,1123D
PUT_NK225,20750,19.6749,1123D
PUT_NK225,21000,19.7302,1123D
PUT_NK225,21250,19.8635,1123D
PUT_NK225,21500,19.8098,1123D
PUT_NK225,21750,19.9627,1123D
PUT_NK225,22000,20.0215,1123D
PUT_NK225,22250,20.0609,1123D
PUT_NK225,22500,20.1623,1123D
PUT_NK225,22750,20.2463,1123D
PUT_NK225,23000,20.2306,1123D
PUT_NK225,23250,20.2797,1123D
PUT_NK225,23500,20.312,1123D
PUT_NK225,23750,20.3275,1123D
PUT_NK225,24000,20.3347,1123D
PUT_NK225,24250,20.3376,1123D
PUT_NK225,10000,20.8381,1312D
PUT_NK225,10250,20.8282,1312D
PUT_NK225,10500,20.6597,1312D
PUT_NK225,10750,20.3863,1312D
PUT_NK225,11000,20.3257,1312D
PUT_NK225,11250,20.2617,1312D
PUT_NK225,11500,20.1529,1312D
PUT_NK225,11750,20.0543,1312D
PUT_NK225,12000,19.8615,1312D
PUT_NK225,12250,19.733,1312D
PUT_NK225,12500,19.6632,1312D
PUT_NK225,12750,19.5524,1312D
PUT_NK225,13000,19.4964,1312D
PUT_NK225,13250,19.4009,1312D
PUT_NK225,13500,19.3579,1312D
PUT_NK225,13750,19.365,1312D
PUT_NK225,14000,20.0219,1312D
PUT_NK225,14250,20.0129,1312D
PUT_NK225,14500,20.0556,1312D
PUT_NK225,14750,20.0639,1312D
PUT_NK225,15000,20.0395,1312D
PUT_NK225,15250,19.3371,1312D
PUT_NK225,15500,19.2737,1312D
PUT_NK225,15750,19.3471,1312D
PUT_NK225,16000,19.3912,1312D
PUT_NK225,16250,18.9283,1312D
PUT_NK225,16500,18.949,1312D
PUT_NK225,16750,19.0214,1312D
PUT_NK225,17000,18.9854,1312D
PUT_NK225,17250,19.0029,1312D
PUT_NK225,17500,19.1566,1312D
PUT_NK225,17750,19.1168,1312D
PUT_NK225,18000,19.1976,1312D
PUT_NK225,18250,19.2287,1312D
PUT_NK225,18500,19.2842,1312D
PUT_NK225,18750,19.3276,1312D
PUT_NK225,19000,19.7384,1312D
PUT_NK225,19250,19.3744,1312D
PUT_NK225,19500,19.4896,1312D
PUT_NK225,19750,19.5106,1312D
PUT_NK225,20000,19.5806,1312D
PUT_NK225,20250,19.6291,1312D
PUT_NK225,20500,19.6712,1312D
PUT_NK225,20750,19.7844,1312D
PUT_NK225,21000,19.7911,1312D
PUT_NK225,21250,19.815,1312D
PUT_NK225,21500,19.9307,1312D
PUT_NK225,21750,20.081,1312D
PUT_NK225,22000,19.9952,1312D
PUT_NK225,22250,20.1125,1312D
PUT_NK225,22500,20.1401,1312D
PUT_NK225,22750,20.1515,1312D
PUT_NK225,23000,20.1468,1312D
PUT_NK225,23250,20.2028,1312D
PUT_NK225,23500,20.2444,1312D
PUT_NK225,23750,20.3501,1312D
PUT_NK225,24000,20.415,1312D
PUT_NK225,24250,20.4549,1312D
PUT_NK225,10500,19.7915,1494D
PUT_NK225,10750,19.7367,1494D
PUT_NK225,11000,19.7227,1494D
PUT_NK225,11250,20.1719,1494D
PUT_NK225,11500,20.0845,1494D
PUT_NK225,11750,20.0555,1494D
PUT_NK225,12000,19.7928,1494D
PUT_NK225,12250,19.7814,1494D
PUT_NK225,12500,19.6383,1494D
PUT_NK225,12750,19.4617,1494D
PUT_NK225,13000,19.5162,1494D
PUT_NK225,13250,19.3592,1494D
PUT_NK225,13500,19.4256,1494D
PUT_NK225,13750,19.204,1494D
PUT_NK225,14000,18.8706,1494D
PUT_NK225,14250,18.8388,1494D
PUT_NK225,14500,18.8567,1494D
PUT_NK225,14750,18.843,1494D
PUT_NK225,15000,18.88,1494D
PUT_NK225,15250,19.4835,1494D
PUT_NK225,15500,19.551,1494D
PUT_NK225,15750,19.6723,1494D
PUT_NK225,16000,19.6063,1494D
PUT_NK225,16250,19.5416,1494D
PUT_NK225,16500,19.6253,1494D
PUT_NK225,16750,19.6073,1494D
PUT_NK225,17000,19.7479,1494D
PUT_NK225,17250,19.7266,1494D
PUT_NK225,17500,19.6832,1494D
PUT_NK225,17750,19.763,1494D
PUT_NK225,18000,19.7809,1494D
PUT_NK225,18250,19.9712,1494D
PUT_NK225,18500,19.8996,1494D
PUT_NK225,18750,19.8916,1494D
PUT_NK225,19000,19.407,1494D
PUT_NK225,19250,19.5058,1494D
PUT_NK225,19500,19.5139,1494D
PUT_NK225,19750,19.5914,1494D
PUT_NK225,20000,19.582,1494D
PUT_NK225,20250,19.6773,1494D
PUT_NK225,20500,19.7041,1494D
PUT_NK225,20750,19.7793,1494D
PUT_NK225,21000,19.8203,1494D
PUT_NK225,21250,19.8202,1494D
PUT_NK225,21500,19.8544,1494D
PUT_NK225,21750,19.948,1494D
PUT_NK225,22000,19.951,1494D
PUT_NK225,22250,19.9865,1494D
PUT_NK225,22500,20.0129,1494D
PUT_NK225,22750,20.0359,1494D
PUT_NK225,23000,20.0356,1494D
PUT_NK225,23250,20.0929,1494D
PUT_NK225,23500,20.1376,1494D
PUT_NK225,23750,20.1696,1494D
PUT_NK225,24000,20.1742,1494D
PUT_NK225,24250,20.1885,1494D
PUT_NK225,12750,19.5625,1676D
PUT_NK225,13000,19.4875,1676D
PUT_NK225,13250,19.4358,1676D
PUT_NK225,13500,19.4435,1676D
PUT_NK225,13750,19.2481,1676D
PUT_NK225,14000,18.9468,1676D
PUT_NK225,14250,18.8678,1676D
PUT_NK225,14500,18.9176,1676D
PUT_NK225,14750,18.8575,1676D
PUT_NK225,15000,18.9213,1676D
PUT_NK225,15250,19.5514,1676D
PUT_NK225,15500,19.621,1676D
PUT_NK225,15750,19.7355,1676D
PUT_NK225,16000,19.6781,1676D
PUT_NK225,16250,19.5972,1676D
PUT_NK225,16500,19.6355,1676D
PUT_NK225,16750,19.65,1676D
PUT_NK225,17000,19.7821,1676D
PUT_NK225,17250,19.7515,1676D
PUT_NK225,17500,19.7,1676D
PUT_NK225,17750,19.7671,1676D
PUT_NK225,18000,19.814,1676D
PUT_NK225,18250,20.0499,1676D
PUT_NK225,18500,19.9195,1676D
PUT_NK225,18750,20.0095,1676D
PUT_NK225,19000,19.4337,1676D
PUT_NK225,19250,19.5559,1676D
PUT_NK225,19500,19.5487,1676D
PUT_NK225,19750,19.5601,1676D
PUT_NK225,20000,19.6665,1676D
PUT_NK225,20250,19.6975,1676D
PUT_NK225,20500,19.7217,1676D
PUT_NK225,20750,19.85,1676D
PUT_NK225,21000,19.8432,1676D
PUT_NK225,21250,19.8887,1676D
PUT_NK225,21500,19.9525,1676D
PUT_NK225,21750,20.0227,1676D
PUT_NK225,22000,20.0795,1676D
PUT_NK225,22250,20.1231,1676D
PUT_NK225,22500,20.2199,1676D
PUT_NK225,22750,20.2384,1676D
PUT_NK225,23000,20.2443,1676D
PUT_NK225,23250,20.3053,1676D
PUT_NK225,23500,20.287,1676D
PUT_NK225,23750,20.3251,1676D
PUT_NK225,24000,20.3288,1676D
PUT_NK225,24250,20.3804,1676D
