name,maturity,price
NK225,31D,19627
NK225,122D,19612
NK225,213D,19518
NK225,304D,19498
NK225,395D,19389
NK225,486D,19374
NK225,577D,19279
NK225,759D,19151
NK225,941D,19043
NK225,1123D,18917
NK225,1312D,18812
NK225,1494D,18687
NK225,1676D,18582
NK225M,31D,19627
NK225M,59D,19611
NK225M,94D,19614
NK225M,122D,19612
NK225M,150D,19507
NK225M,213D,19518
NK225M,304D,19498
NK225M,395D,19389
NK225M,486D,19374
NK225M,577D,19279
NK225M,759D,19151
NK225M,941D,19043
NK225M,1123D,18917
NK225M,1312D,18812
NK225M,1494D,18687
NK225M,1676D,18582
