"currency","exchange","exerciseType","expiry","externalIdBundle","name","optionType","pointValue","position:quantity","strike","trade:counterpartyExternalId","trade:premium","trade:premiumCurrency","trade:premiumDate","trade:premiumTime","trade:quantity","trade:tradeDate","trade:tradeTime","underlyingEquitySecurity:companyName","underlyingEquitySecurity:currency","underlyingEquitySecurity:exchange","underlyingEquitySecurity:exchangeCode","underlyingEquitySecurity:externalIdBundle","underlyingEquitySecurity:name","underlyingEquitySecurity:preferred","underlyingEquitySecurity:shortName","underlyingId"
"USD","Unknown","American","2013-10-14T00:00Z","OG_SYNTHETIC_TICKER~AAPL/2013-10-14 C 440.0","AAPL 2013-10-14 C 440.0","CALL","100.0","1","440.0","Cpty~Other","3.15","USD","","","1","2013-10-11","12:00Z","Apple Inc","USD","NASDAQ OMX","XNAS","OG_SYNTHETIC_TICKER~AAPL","Apple Inc","false","AAPL","OG_SYNTHETIC_TICKER~AAPL"
"USD","Unknown","American","2013-10-14T00:00Z","OG_SYNTHETIC_TICKER~AAPL/2013-10-14 C 445.0","AAPL 2013-10-14 C 445.0","CALL","100.0","-40","445.0","Cpty~Other","1.54","USD","","","-40","2013-10-14","12:00Z","Apple Inc","USD","NASDAQ OMX","XNAS","OG_SYNTHETIC_TICKER~AAPL","Apple Inc","false","AAPL","OG_SYNTHETIC_TICKER~AAPL"
"USD","Unknown","American","2013-10-14T00:00Z","OG_SYNTHETIC_TICKER~AAPL/2013-10-14 C 460.0","AAPL 2013-10-14 C 460.0","CALL","100.0","3","460.0","Cpty~Other","0.13","USD","","","3","2013-10-11","12:00Z","Apple Inc","USD","NASDAQ OMX","XNAS","OG_SYNTHETIC_TICKER~AAPL","Apple Inc","false","AAPL","OG_SYNTHETIC_TICKER~AAPL"
"USD","Unknown","American","2013-10-14T00:00Z","OG_SYNTHETIC_TICKER~AAPL/2013-10-14 P 435.0","AAPL 2013-10-14 P 435.0","PUT","100.0","-45","435.0","Cpty~Other","2.975","USD","","","-45","2013-10-11","12:00Z","Apple Inc","USD","NASDAQ OMX","XNAS","OG_SYNTHETIC_TICKER~AAPL","Apple Inc","false","AAPL","OG_SYNTHETIC_TICKER~AAPL"
"USD","Unknown","American","2013-10-14T00:00Z","OG_SYNTHETIC_TICKER~AAPL/2013-10-14 P 400.0","AAPL 2013-10-14 P 400.0","PUT","100.0","-4","400.0","Cpty~Other","0.055","USD","","","-4","2013-10-11","12:00Z","Apple Inc","USD","NASDAQ OMX","XNAS","OG_SYNTHETIC_TICKER~AAPL","Apple Inc","false","AAPL","OG_SYNTHETIC_TICKER~AAPL"
"USD","Unknown","American","2013-10-22T00:00Z","OG_SYNTHETIC_TICKER~AAPL/2013-10-22 C 505.0","AAPL 2013-10-22 C 505.0","CALL","100.0","-3","505.0","Cpty~Other","0.045","USD","","","-3","2013-10-11","12:00Z","Apple Inc","USD","NASDAQ OMX","XNAS","OG_SYNTHETIC_TICKER~AAPL","Apple Inc","false","AAPL","OG_SYNTHETIC_TICKER~AAPL"
"USD","Unknown","American","2013-10-19T00:00Z","OG_SYNTHETIC_TICKER~AAPL/2013-10-19 C 640.0","AAPL 2013-10-19 C 640.0","CALL","100.0","-1","640.0","Cpty~Other","0.515","USD","","","-1","2013-10-11","12:00Z","Apple Inc","USD","NASDAQ OMX","XNAS","OG_SYNTHETIC_TICKER~AAPL","Apple Inc","false","AAPL","OG_SYNTHETIC_TICKER~AAPL"
"USD","Unknown","American","2013-11-20T00:00Z","OG_SYNTHETIC_TICKER~AAPL/2013-11-20 C 510.0","AAPL 2013-11-20 C 510.0","CALL","100.0","-1","510.0","Cpty~Other","0.62","USD","","","-1","2013-11-11","12:00Z","Apple Inc","USD","NASDAQ OMX","XNAS","OG_SYNTHETIC_TICKER~AAPL","Apple Inc","false","AAPL","OG_SYNTHETIC_TICKER~AAPL"
"USD","Unknown","American","2013-11-22T00:00Z","OG_SYNTHETIC_TICKER~AAPL/2013-11-22 C 605.0","AAPL 2013-11-22 C 605.0","CALL","100.0","-2","605.0","Cpty~Other","0.01","USD","","","-2","2013-11-11","12:00Z","Apple Inc","USD","NASDAQ OMX","XNAS","OG_SYNTHETIC_TICKER~AAPL","Apple Inc","false","AAPL","OG_SYNTHETIC_TICKER~AAPL"
